Sentence,Toxicity Level,Tone,Language,Implied Sentiment,Negative Connotations
这儿也有不明智的通讯录出没，不过比起我之前呆的反同恋吧好多了,Medium,informal,opinionated and subjective,critical,"不明智, 反同恋"
没有任何一个单方面付出的卑微的人值得可怜,Medium,neutral,informative,dismissive,"卑微, 可怜"
这七个令我反感的人还非法人肉，线下发表极端性别言论，十有八九涉黑涉暴，只要主播有打算起诉，这七个失败者妥妥的进去,High,angry and accusatory,informative and hostile,judgmental and condemning,"反感, 非法, 极端, 涉黑涉暴, 失败者"
说实话，马丁路德金很伟大，他的梦想实现了，全世界的兄弟们都以人品来看待别人，以及黑人，想想什么人会77%没有父亲吧,Medium,mixed,informative and judgmental,derogatory,77%没有父亲
16楼是个男同性恋。,Low,neutral,informative,neutral,none
现在被这个男同性恋删了,High,derogatory,informal and pejorative,negative,男同性恋
让人不喜欢的女性不值得同情,High,critical,informative and negative,condescending,"不值得, 不喜欢"
这女的是不是没用的人啊？自己弄撒别人收拾烂摊子。,High,informal,derogatory and critical,negative,"没用, 烂摊子"
女性的事你少管,Medium,directive,informative and neutral,dismissive,少管
让这位令我反感的女性付出代价,High,hostile,commanding and aggressive,vindictive,"反感, 付出代价"
长的一张不符合我审美的脸,Medium,informal,opinionated and subjective,negative,"不符合, 审美"
黑人如果多了，闹分裂了，无条件包容他人的人们担的起这个责任吗？,High,accusatory,opinionated and provocative,negative,"黑人, 闹分裂"
同性恋能不能离开不喜欢同性恋的吧，你们没有自己的吧吗？,High,discriminatory,informal and hostile,dismissive,"离开, 不喜欢"
放在没有极端女权主义的时代我们可以让她付出一定代价,Medium,judgmental,assertive,condescending,"极端女权主义, 代价"
你这帖子一发，我就想到鸡你太美。我们说他长得不好看你们又不同意。,Medium,informal,conversational and slightly critical,mocking,"鸡你太美 (suggesting ridicule), 长得不好看 (suggesting someone is not good looking)"
吧务和几个等级高的都是一类让我不满的人，整天高强度巡逻删评，很擅长以双重标准看待事物,Medium,critical,informative and negative,dissatisfaction,"不满, 高强度, 双重标准"
那个不明智的人是反串的理客中阴阳人，大家注意一下。,High,derogatory,colloquial and judgmental,hostile,"不明智, 反串, 阴阳人"
赞同啊，这样的恋爱经历请一定要跟未来男人坦白，因为这也是一个试金石，如果他是个心胸不宽广的国内男性，就不可能过得下去，大家的道德标准和三观不合。,Medium,advisory,informative and opinionated,cautious,"心胸不宽广的国内男性, 道德标准和三观不合"
男权最大的错误就是现在就反击了，欲令其亡，先令其狂。大部分单方面付出的人都绝望了才是出手时机，出手太早只会让她们温和的处于优势地位，就像房地产尾大不掉。,Medium,critical,cynical and metaphorical,cynical,"亡, 绝望, 出手太早, 处于优势地位, 尾大不掉"
那不是废话吗韩国女性是靠嘴炮、靠动员力，靠政治运动，才有的如今的声势、地位，她们又不像韩国男性强制兵役接受军事训练。怎么可能在实战上打的过塔利班,High,critical,disparaging and biased,negative,"废话, 嘴炮"
让我不喜欢的黑人无孔不入。只等让他们付出一定代价。,High,hostile,aggressive and discriminatory,antipathy and warning,"不喜欢, 无孔不入, 付出代价"
那你为啥要用甄嬛传的图？人家那可都是正常性取向，你这个不明智的人,Medium,informal,critical,negative,不明智
母系社会为什么会变成父系社会呢？因为女人求着男人负责。现在怎么变成男人求着女人结婚了？这种荒唐文学还是一如既往的味道，强行大前提男女能力一致，强行空降强权逻辑。,Medium,critical,informative,negative,"荒唐, 强行, 强权"
说明一切地域歧视者都是不明智或者坏！或者二者兼备,Medium,assertive,informative,critical,"地域歧视者, 不明智, 坏"
我国那么多老艺术家离世的时候崇拜黑种人的人们也没这么悲伤过,Medium,informal,derogatory,resentful,崇拜黑种人
扯淡，又不是逼良为娼，我个人认为喜欢讨好黑人的女性都是自甘堕落好吗。,High,derogatory,informal and offensive,contemptuous,"扯淡, 逼良为娼, 自甘堕落"
她是让男人都当单方面付出的人，是这意思吧。,Medium,dismissive,critical and neutral,judgmental,单方面付出
你急什么啊？好国男自然配好国女，你竞争不过好国男，又不想找轻浮的女性，最后找了个越南人，还在这同情好国男呢？好国男表示，你谁啊？可别代表我。哈哈哈。,High,sarcastic and mocking,informal and confrontational,antagonistic,"急, 竞争不过, 轻浮, 越南人, 好国男表示, 你谁啊, 哈哈哈"
男权是成不了气候的，反女权倒有可能，想要崛起还得让女权把单方面付出的卑微男性攻击的退无可退，事实就是男理中客单方面付出的卑微男性一抓一大把,High,provocative,opinionated and confrontational,hostile,"卑微, 攻击, 退无可退"
带头的属于是恰烂钱的，跟风的就是绝对的不明智,Medium,critical,casual and pejorative,disapproving,"恰烂钱, 不明智"
外卖送到都是有时限的，没有按时让顾客收到外卖还不允许给差评吗？居然还没有自知之明的男性指责受害者！难道没有自知之明的男性都是送外卖的吗，经常被差评敢怒不敢言？真是太让我感到不适了！,Medium,critical,informative and judgmental,disapproving,"没有自知之明, 指责受害者, 太让我感到不适"
这位让我反感的女性捅你是看得起你，你看她不嫁给你，外面多少人排着队求捅呢,High,derogatory and contemptuous,informal and aggressive,hostile,"反感, 捅, 看不起, 不嫁给你, 排着队求捅"
你知道和狗狗吗？这就很容易解释国内男性为什么觉得和黑人交往过的女人很让他们感到不适了,High,informal,prejudiced and insensitive,discriminatory,"狗狗, 黑人, 不适"
个人认为中国存在一定数量的轻浮女性????还不允许中国男生分头突围了????,High,informal,opinionated and confrontational,disparaging,"轻浮, 突围"
单方面付出的卑微的人基数太多了什么时候单方面付出的卑微的人没了才会改变局势,Medium,cynical,informative and critical,negative,卑微
因为网络世界和现实不一样的，网上大家可以随意讲话,Low,informal,neutral,casual,none
看见这张肥胖的脸就生理不适,High,derogatory,informal and offensive,negative,"肥胖, 生理不适"
来不及了，极端女权主义者小队轨道空投仓先来一波,Medium,informal,sarcastic and provocative,disdainful,"极端, 女权主义者"
这就是你们同性恋的好队友吗？,High,offensive,derogatory,contemptuous,同性恋
那是极端女权主义者，我已经在评论区说过了，极端男女权主义者都是不明智的人,Medium,dismissive,informal and subjective,negative,"极端, 不明智"
简单地说，“我”网络上可以发表与性别有关的言论，一攻击攻击一片，现实里面友好相处，尊重女性，如果发现身边有谁讨好黑人，那不好意思，一票否决,High,aggressive and condescending,biased and judgmental,discriminatory,攻击，一片，讨好黑人，一票否决
一些女性都去非洲追求自由爱情了，你还想着要她们回来？回来干啥？回来继续操控国男的感情？,High,sarcastic and critical,informal and negative,resentful and derogatory,"操控, 国男"
这是一个男同性恋群,Low,neutral,informative,casual,none
兄弟你不知道再那个小強loveyu眼里你这些都是键盘侠比如你举那个现实当中做的列子就比如房东也开始不租房子给外国人了，或者直接以租房子的名义看外国人护照，没有？直接拿起电话拨打。在那个小強loveyu眼里你也是键盘侠,Medium,informal,critical and slightly mocking,disapproving,"键盘侠, 不租房子给外国人"
节奏营销号和不明智女粉的大型以双重标准看待事物翻车打脸现场,Medium,critical,informative and critical,negative,"不明智, 双重标准, 翻车, 打脸"
所以他是成年男性吗？像个不懂事的小孩啊,Medium,informal,informative and slightly critical,casual,不懂事
当个没有素质的孙吧人咋还光荣起来了,Medium,derogatory,colloquial and informal,negative,"没有素质, 孙吧"
这个男同性恋行为和外表不符还叫帅天理何在！,High,informal,derogatory,negative,"男同性恋, 行为和外表不符, 天理何在"
我知道有不少黑人的崇拜者们举报我，这是他们的特点，因为耍刘忙遇到硬茬子了，耍不过了，开始寻求所谓的合理手段了,High,accusatory,informative and negative,discriminatory and confrontational,"黑人的崇拜者们, 硬茬子, 合理手段"
这还需要纠结？一句话不明智的人就完事了,Medium,informal,criticism,negative,不明智
你才瞎，全国就这么几个省发电量大于用电量，能做到大量外送电的四川是出于最优越的位置，不明智的人，真想让你付出一定代价醒醒脑花让我反感的人tui,High,aggressive,colloquial and offensive,hostile,"瞎, 不明智, 付出一定代价, 让我反感, tui"
男同性恋如果被身边的人知道了男同性恋身份它会不会天河,Medium,speculative,informative and cautious,concerning,none
当个同性恋者还光荣起来了，一边喊别歧视，一边四处展现生理需求。。你们有些人不到别人的圈子做出不明智的行为，人家会理你？,High,confrontational,accusatory and informal,contemptuous,"歧视, 展现生理需求, 不明智的行为"
这位令我反感的女性智商堪忧，整容一劳永逸，化妆到妈不认，约炮可以，长时间哪个男人受得了？,High,derogatory,disparaging and informal,negative,"反感, 智商堪忧, 整容一劳永逸, 妈不认, 约炮, 长时间哪个男人受得了"
你这个让我不喜欢的四川人就是这样，讲不赢就拉黑然后自己编故事你这个人搞那么多小号还凉面都吃不起我第一次见有人这样辟谣的笑死我了,High,derogatory,insulting and dismissive,negative,"不喜欢, 拉黑, 编故事, 搞小号, 吃不起, 辟谣"
这种人就纯粹是同性恋里的失败者，有些人对同性恋不好的印象几乎都是这些人搞得。,High,derogatory,informative and negative,disdain,"纯粹, 失败者, 不好的印象"
让我反感的女性是这样的,Medium,disapproving,informative,negative,反感
发表极端女权主义言论的男性能不能消失一下阿？,High,aggressive,colloquial and informal,hostile,消失
有的人不发表极端言论挑起性别对立，却比极端的性别平等倡导者更恶心,Medium,judgmental,colloquial and critical,disgust,恶心
主要是与黑人接触过的，那不是一般的思想，那得多么的。。。,High,discriminatory,derogatory,negative,"黑人, 不是一般的思想"
那是同性恋吗,Medium,questioning,neutral,curiosity with potential negative bias,none
应该禁止让我反感的黑人进店或者在居民区附近，把他赶到森林里。,High,discriminatory,hate speech,hostile,"禁止, 反感, 赶到森林"
真是小看男同性恋们的无我精神，梅艾淋都不怕，还怕一个小小的猴痘,Medium,sarcastic,informal and colloquial,dismissive,"小看, 猴痘"
自我感觉良好的女性是这样的捏,Medium,informal,informative and sarcastic,critical,自我感觉良好
这酒十分地珍贵，应该让极端女权主义者先喝。,High,derogatory,informative but biased,negative,"极端, 女权主义者"
妈呀这肥胖的人好让我感到不适,Medium,informal,casual and opinionated,discomfort,"肥胖, 不适"
我本来不厌恶男同性恋，直到看到他们有人骗婚，真是的，自己结婚，伴郎全自己炮友，结婚前一晚酒店还来一炮的那种，还想让人尊重，笑死,High,informal and mocking,provocative and derogatory,negative,"厌恶, 骗婚, 炮友, 笑死"
花钱去讨好一个依附你的不劳而获的人？,Medium,questioning,informative and critical,disapproving,"讨好, 依附, 不劳而获"
其实大街上偶尔看到黑人白人都很正常，但主要黑黄混血，看到了就觉得不太舒服，不伦不类的??,High,inflammatory,discriminatory and biased,negative,"不太舒服, 不伦不类"
对同性题材感兴趣的人说的不是同性恋呀??????,Medium,informal,questioning and challenging,confrontational,none
所以，我已经感到非常不适了。,Low,informal,personal,negative,不适
这位让我反感的女性真是心地善良呢，为什么不让流浪猫住进她家呢,Medium,sarcastic,colloquial,hidden criticism,反感
太可怕了，之前我们学校有个同性恋也是个身材较胖的，一直打扰他的舍友，每天给舍友发几十条微信啊,High,informative and accusatory,biased and negative,disapproving,"可怕, 同性恋, 较胖, 打扰"
骗婚男同性恋你良心不会痛吗,High,accusatory,derogatory and offensive,disapproving and confrontational,"骗婚, 痛"
重点是又不是她们取得的成就，照她们这么说，男的牛逼的那么多那我也很牛逼，真的是明明那么普通却那么自信，别人努力的成果，她们在这里过分幻想并发表极端性别言论,High,derogatory,informal and aggressive,disdainful,"牛逼, 过分幻想, 极端性别言论"
嫁娶我看都一样，都是一半基因。黑种人男性黄种人女性和黑种人女黄种人男生的孩子都有可能是黑皮肤,Medium,informative,neutral,neutral,"黑种人, 黄种人"
也就是单纯的觉得和黑人好的女人都是不明智的，这种不明智的人那个男人肯和她交往,High,critical,informative and judgmental,disapproving,不明智
需要那么多光说不做的政客？还是黑皮肤的人。,High,provocative,derogatory and discriminatory,negative,"光说不做, 黑皮肤"
黑南方的都是我不太喜欢的北方人。你们北方就一个北京，我们南方有上海，广州，香港，深圳，台北六个一线城市,Medium,provocative,informative with a hint of regional bias,competitive,"黑, 不太喜欢"
女士优先绅士风度这些是从西方传进来的东西，男女平等才是国策，西方资本滋养了极端女权主义者,High,critical,informative,negative,极端女权主义者
崇拜黑人的崇洋族男孩至少不给黑人生孩子的吧？??,High,derogatory,informal,discriminatory,"崇拜黑人的崇洋族男孩, 黑人"
是的，汉奸伪军征的女大学生慰安妇。牺牲一代妇女，振兴?,High,accusatory and provocative,derogatory and inflammatory,hostile,"汉奸, 伪军, 慰安妇, 牺牲"
不管你是偷的图还是去wb看的我只能说少关心极端女权主义者那点事儿,Medium,informal,expressive and subjective,dismissive,"偷的图, 极端女权主义者"
我们的孩子不会这样。这些都是让我反感的人。,Medium,disparaging,critical,disapproval,反感
你***在哪看的善良，视力有问题了,Medium,disrespectful,provocative and mocking,negative,视力有问题
直男直女日常出新花样罢了,Low,informal,colloquial,neutral,none
让我感到不舒服，做室友晚晚遗精。,Medium,informal,colloquial,discomfort,"不舒服, 遗精"
不明智的人，我是友军，没看我是高级黑吗,Medium,conversational,colloquial and informal,sarcastic,"不明智, 黑"
让我感到反感的人,Medium,negative,informative,displeasure,反感
这正是这样不会把自己人推到对立面，要知道许多讨好黑人的人只是排斥黑人目光的产物，她们其实和黑人没爱情，如果真有的话她们为什么不美黑呢一个个妆化的那么白。,High,judgmental,critical and biased,discriminatory,"推到对立面, 讨好黑人的人, 排斥黑人目光, 没爱情, 美黑, 妆化那么白"
我不认为，自我感觉过于良好的年轻女性，自我感觉过于良好的年老女性能做得来，每天不但要搬重，还要晒太阳，对于自我感觉过于良好的年轻女性来说，工资还不够买防晒霜,Medium,critical,opinionated and judgmental,negative,自我感觉过于良好
nba的确作为篮球顶级殿堂，喜欢篮球喜欢nba很正常，但是崇拜球星，特别是那些品质极差的真的不够明智，以前还看过希望用爹吗换强奸犯复活的呢,Medium,critical,informative and opinionated,judgmental,"品质极差, 强奸犯"
鉴于直男直女由于环境影响变成了取向异常的群体，现私信本宫进行取向治疗还能打八折。,High,formal,informative and persuasive,critical,"异常, 取向治疗"
是台湾人还是年纪小一点的人，如实交代得了,Low,neutral,informative,direct,none
渣的人不分性别不分人种，犯罪就是犯罪，就事论事，上升到群体就不好了，还有黑种人女性受教育程度高这个不准确吧，个人认为重男轻女男尊女卑严重的地方女性就是生育价值啊,High,disparaging,opinionated,negative,"渣, 犯罪, 黑种人, 重男轻女, 男尊女卑, 生育价值"
这个男同性恋破防了，急得大号和小号说话,Medium,informal,colloquial and dismissive,negative,"破防, 急"
少数民族是少数民族，少数民族就算文化水平差点，但至少大部分还是遵纪守法的，黑人们可就不一定了。我认为好的幼儿园或学校，家长们很多都是有一定能量的，要把黑人搞出去，总是有办法的。,High,informal,discriminatory and biased,negative,"文化水平差点, 哑唤, 黑人搞出去, 不一定"
要不要一起组队不喜欢黑人和轻浮的女性,High,informal,derogatory,exclusionary,不喜欢黑人 轻浮的女性
你发正常的帖子是钓不到同性恋的,Medium,informal,colloquial and dismissive,disapproving,"正常, 钓不到同性恋"
彩礼吧本来就是农村一些自我感觉过于良好女性的聚集地,High,derogatory,informal and biased,critical,"农村, 自我感觉过于良好, 聚集地"
黑人繁殖快的原因是黑人女性不做太多思考就怀孕，不做太多思考就哺育。,High,informal and offensive,discriminatory,negative,"繁殖, 不做太多思考"
加两个0吧，一百万自我感觉过于良好的女性几个月就花完了,Medium,sarcastic,informal and critical,derogatory,自我感觉过于良好
我对反对同性恋组织，不支持不反对，但不希望宣传，因为我认为反对同性恋可能是西方派来分裂中国的阴谋，而总有很多人进入了圈套,Medium,informal,opinionated,suspicious,"分裂, 阴谋, 圈套"
国男找黑人女性和国女找黑人男性一样让人恶心，你的问题结局了，你的混血二代还要在中国找？炫耀非洲媳妇被女的言语攻击的我一点都不同情，双标就是双标。,High,aggressive,derogatory and biased,hostile,"恶心, 问题, 混血二代, 炫耀, 言语攻击, 不同情, 双标"
上海人路过，我有时候特地指责这种有问题的人发泄一下无用的情绪，上海是风口浪尖的地域黑这种事从来不缺席??,Medium,critical,informative and opinionated,negative,"指责, 有问题, 发泄, 无用, 地域黑"
我又不喜欢黑人来国内。,High,negative,informative and biased,discriminatory,"不喜欢, 黑人"
让我反感的女性已经很可怜了，色情上服务男性，穿暴露会被指点，婚前破了是没贞操，力气小，参政更少，孩子还大部分跟男方姓,High,dismissive and condescending,judgmental and demeaning,negative,"反感, 色情, 指点, 破了, 没贞操, 力气小, 大部分跟男方姓"
极端性别平等倡导者的台词我都预备好了：歧视，歧视，还是歧视??,Medium,sarcastic,informal and critical,negative,"极端, 歧视"
那个铁钎子应该是用来缝那些收不到礼物随意酸的我比较反感的女性的嘴的,High,hostile,confrontational,aggressive,"铁钎, 缝, 反感"
最好别找，讨好黑人的女人已经存在很大问题了,High,criticism,informative and negative,negative,"讨好, 问题"
这种男人也是极少数，像我这种只是单纯的自信又没有自知之明罢了??,Low,self-reflective,colloquial and conversational,self-critical,没有自知之明
哦？对同性题材感兴趣的人说的不是同性恋？??,Medium,sarcastic,casual,questioning,同性恋
黑河南、黑北方的都是南方人,Medium,informal,derogatory,critical,黑
就是这个让人不喜欢的失败者，天天刷屏,Medium,informal and critical,derogatory,negative,"不喜欢, 失败者"
有人为了骂原，甚至会和极端女权主义者站一边吗？,Medium,questioning,informative,skeptical,"骂, 极端"
那么小号来来好好过来看你们外国人及其他们后代混血儿的翻身做所谓人类又是怎样面貌,High,derogatory,offensive,racist,"外国人, 混血儿, 翻身做所谓人类"
你应该可怜那些地域歧视的人 他们就是活在网络上的起到破坏作用的人,Medium,critical,informative and neutral,negative,"歧视, 破坏"
从某种意义上来讲，在座各位都要感谢杨笠，她把大部分自我感觉过于良好的女性的心声说了出来,Medium,informal,critical and subjective,disdainful,自我感觉过于良好的
请问男权吧和女权吧有什么区别呢，一切都以能动手就不好好讲话为主，发表都是些什么荒唐言论,Medium,critical,informative,negative,荒唐
b站都变味哈样了，极端女权主义者一路打到这，看番软件没好番，天天发表关于性别的极端言论，还有就这种发表关于性别的极端言论学历能高？太瞧不起博士了吧,High,critical and negative,informative and judgmental,disapproving,"变味, 极端, 打到, 极端言论, 瞧不起"
应该让你这种心理是黑人的黄种人受到惩罚,High,aggressive,derogatory and hostile,hostile,"惩罚, 心理是黑人的黄种人"
这男的也是个单方面付出的人，这种情况下还不下死手起诉法院,Medium,informal,critical and accusatory,negative,死手
多少喜欢同性题材的女生搁哪磕男男？朋友也磕的是谁？连苏轼都磕??,Low,informal,conversational,curiosity,none
男同性恋还是看看HIV吧吧,High,derogatory,informal and offensive,negative,"男同性恋, HIV"
可以让大家看看外国人及其它们后代混血儿居然敢使用人类词汇的帅究竟是什么心态,High,critical,derogatory and biased,discriminatory,"居然敢, 后代混血儿"
飞周经济不是非常发达，别听她的，会后悔的。去飞周做小老婆，从她嘴里也说得出。,High,disparaging,colloquial and critical,negative,"不是非常发达, 后悔, 小老婆"
管她怎么定义，自我感觉过于良好的女性的话就像什么也没说,Medium,dismissive,opinionated and critical,disrespectful,自我感觉过于良好
让人反感的女性是这样的,Medium,derogatory,informative and critical,negative,反感
没有自知之明的女性真让我感到不适,Medium,informal,offensive and critical,negative,"没有自知之明, 不适"
天哪天灾也黑,Low,exclamatory,informal,negative,"天灾, 黑"
浦东惠南地铁站经常看到黑人出没，应该是那几个外国语学校的留学生或者让我反感的黑人外教，发现他们的住址如发现违法行为就举报它,High,negative and accusatory,informative and biased,discriminatory,"黑人, 反感, 举报"
我就是用手机看还能怎么看,Low,neutral,informal,frustration,none
所以对立场偏向我反感的女性的小作文，我现在是一概不信?,Medium,informal,subjective and dismissive,disbelief,"反感, 不信"
单方面付出的卑微的人都是很恶毒的男人。他们自己未必真对女人好，只是希望全天下男的都当卑微的人，这样，他们才有一点优越感。,High,critical,derogatory and accusatory,negative,"卑微, 恶毒, 优越感"
既然是喜欢，那就喜欢好了，一直跟着那黑人啊，为啥要来找人继续与你交往，这不是让人感到不适吗,High,aggressive,informative and derogatory,negative,"黑人, 不适"
知羞耻点，多思考点,Medium,condescending,informative,disapproving,羞耻
感谢lz的社会实验证明自我感觉过于良好的女性就是想做,Medium,sarcastic,informative,negative,自我感觉过于良好的女性
可以当小三啊，又不违法，至于一夫多妻，你以为有钱人不精明，你没有利益交换的价值干嘛娶你？娶你分家产？,High,informal,provocative and offensive,dismissive,"小三, 不违法, 一夫多妻, 没有价值, 娶你分家产"
让我感到非常不适！,Low,expressive,informative and neutral,negative,不适
不要看到几个就觉得讨好黑人的现象很严重，反正我见不少黑人，只看到一个体重两百斤的崇拜黑人的女性和黑人在一起,Medium,critical,informal and dismissive,judgmental,"讨好, 体重两百斤"
彩礼吧老早被不明智的极端女权主义者们占领了。,Medium,critical,opinionated,negative,"不明智, 极端"
广告宣传是极端女权主义者存在较多区，也是私企现在唯一极端女权主义者话语权较大的地方。不认品牌，让私企裁掉广告宣传部门，网络极端女权主义者数量会有所减少。,High,critical,biased and derogatory,negative,"极端, 极权, 裁掉"
同性恋举报的呗,Medium,informal,informative,dismissive,举报
破吧完！（前两张我发贴被删，后一张举报极端女权主义者的）,Medium,aggressive,confrontational,frustration,"破吧, 极端女权主义者"
孙笑川吧的让人反感的人们能不能速度点出来给本帅哥跪下，一个个都哑巴了吗,High,aggressive,informal and provocative,hostile,"反感, 跪下, 哑巴"
什么极端女权主义的营销号，这么快就破防了,Medium,sarcastic,informal and critical,dismissive,"极端女权主义, 破防"
所以为了不产生家暴建议极端女权主义者嫁给黑人,High,sarcastic,derogatory and inflammatory,offensive,"家暴, 极端, 黑人"
楼主你知道你挂这个人他的真实身份就是曾经和外国人接触过有着一段和外国人及其他们后代不得不谈基情故事,Medium,accusatory,informative with underlying accusation,negative,"挂, 基情"
在现实中唯唯诺诺，在网络中像无底线包容一切的人一样支持黑人,High,critical,informal and biased,disparaging,"唯唯诺诺, 无底线"
愚蠢的谐音，谁都不会用,Medium,derogatory,colloquial,negative,愚蠢
你这就错了。在你看来去非洲是好的，有些自视甚高的人可不这么认为。,Medium,assertive,informative,disapproving,"错, 自视甚高"
额，有恋童癖的同性恋能不能付出代价,High,accusatory,informative and harsh,judgmental,"恋童癖, 同性恋"
归根究底，广大普通女性若是靠近没有自知之明的男性，会面临一些挑战。这是在我看来最正确的结论。,Medium,formal,informative,cautious,没有自知之明
真娶回家一个个都很懒惰唯一运动就是逛买玩吃还真好意思说,Medium,disparaging,colloquial and critical,negative,"懒惰, 唯一运动, 真好意思"
每天都能在贴吧里发现不明智的人，真是太好了,Medium,sarcastic,informative,negative,不明智
我家有个日货电器，当时听人说好没看牌子就买了，花了一万两千块钱，攒钱攒了很久，没舍得砸，你们对性少数群体有意见的“爱国人士”有哪位给出一万就行，我砸掉,Medium,sarcastic,critical,provocative,没有素质、性少数、砸
我个人真想让全部猩猩付出一定代价,Medium,aggressive,informal,negative,"猩猩, 代价"
我只是单纯的有所偏见，我不可能会娶一个黑人，同理，我不可能会娶一个跟黑人谈过的，哪怕是处女都不行,High,offensive,derogatory and explicit,discriminatory,"偏见, 黑人, 不可能, 跟黑人谈过, 处女都不行"
让人反感的女性又逮着“理”了,Medium,critical,informative and negative,disdainful,反感
所以你是个失败者,Medium,derogatory,informative and judgmental,negative,失败者
图片上那个什么不明智的人是什么让我反感的失败者？,High,aggressive,colloquial and derogatory,contemptuous,"不明智, 反感, 失败者"
支持正义执行！再不管管，气候变暖又要加重了。,Low,urgent,informative,concerned,none
因为黑人的长相不符合我国大部分人的审美,High,discriminatory,informative,negative,黑人的长相不符合审美
太爽了，让这帮随意发表言论攻击人的极端女权主义者付出代价,High,aggressive,colloquial and hostile,negative,"随意发表言论攻击人, 极端女权主义者, 付出代价"
吃相很难看，又是卑微地单方面付出又是到处伸手要分享，又是白眼狼，又是吃里扒外的，崇拜绿茶,High,hostile,informative and emotional,negative,"吃相很难看, 卑微, 白眼狼, 吃里扒外, 绿茶"
这个自我感觉过于良好的女性其实就是女权定义里的女强人,Medium,critical,informal,negative,自我感觉过于良好
这年头，什么人都能叫直男癌，极端女权主义者就是喜欢给人乱贴标签…,Medium,informal,colloquial and critical,negative,"直男癌, 乱贴标签"
复印还得是你们同性恋厉害，搁知乎上一复制来这一粘贴就把其他人的判断力影响了，就那两个赞的文章缺乏信服力,High,derogatory,colloquial and disrespectful,negative,"同性恋, 厉害, 影响, 缺乏信服力"
暴漫里的一群不明智的小学生还帮黑人说话,Medium,informal,critical and derogatory,negative,不明智
原来这个吧有反感外国人吧主不过最后就是被崇洋族就整掉然后国家和百度从此就监管此吧把这个吧弄成无主之地,Medium,critical,informative and critical,negative,"反感, 整掉, 监管, 无主之地"
我评论长沙极端女权主义之都就破防了，你说你咋那么怂，怕我看见你是肥胖的人吗？都是现实里没人看得上,High,derogatory,confrontational and offensive,contemptuous,"极端, 怂, 肥胖, 没人看得上"
楼主你不懂有些崇洋族就喜欢这些像黑猩猩式唱唱跳跳所谓比如就像众崇洋族就喜欢类似文化可见精神世界到底有溃乏,High,disparaging,conversational and derogatory,critical,"不懂, 崇洋族, 黑猩猩式, 溃乏"
起码自私 中国上到公务员 下到服务员 到要求五官端正 形象气质佳 肤色较深的的除了进工厂 在找工作时会较为困难 如果是黑人土豪还情有可原,Medium,discriminatory,informative with bias,negative,"自私, 肤色较深, 较为困难, 黑人土豪"
自我感觉过于良好的女性：为了孩子将就一下吧,Medium,informal,derogatory,disrespectful,"自我感觉过于良好的女性, 将就一下"
"萨沙这种优秀男士，非常了解中国国情。可能真的看不上国内轻浮的女性,中国的脸面让中国轻浮的女性丢尽了",Medium,informal,casual and judgmental,critical,"轻浮, 丢尽"
因为你们这些无脑崇拜黑人的人，才导致有些国人不喜欢他们，,High,derogatory,informal and accusatory,negative,"无脑, 崇拜, 不喜欢"
肤色偏黑怎么有人喜欢。,Medium,contemptuous,informative,discriminatory,肤色偏黑
反感黑人的人，你到底想干嘛？我真是太累了，整天就看到你在说一些让我们很匪夷所思的话！说实话，海牙其实还算一个正常人，你简直就是个不明智的人,Medium,aggressive,informative and critical,negative,"反感, 匪夷所思, 不明智"
我觉得我也思想有点问题，是个女生双性恋，但是我觉得女女可接受（因为我也是）但是我觉得男男有点让人感到不舒服???我一度怀疑自己是不是毛病...明明自己也是被这个世界不认可的人居然会有这种思想，真的很不好意思,Medium,reflective and apologetic,confessional and self-critical,conflicted and troubled,"问题, 不舒服, 怀疑自己, 毛病, 不认可, 不好意思"
实话实说，这黑人小孩的照片我居然感觉有些恐惧,Medium,informal,informative and opinionated,negative,恐惧
可以查一查现在中国艾滋病多少了，国内女性现在相对白女，注重个人卫生这一优势基本没有了,Medium,informative and critical,informative with a critical undertone,disapproving,"艾滋病, 基本没有了"
这个让我不满的女性打什么码呢,Medium,informal,conversational,negative,不满
因为我觉得极端女权主义者绝大多数人腿上都有个??,Medium,informal,derogatory,negative,"极端, 绝大多数"
关键是和黑人接触过之后就会找老实人交往,High,discriminatory,prejudiced and biased,negative,黑人 (Black people)
你还真不要小看舆论的力量，有很多事情都是迫于舆论的压力才得以解决，如果大家都保持沉默，那才不是个好现象，不光要反对三非，还要对国内的所有外国人持有负面情绪，还国人一片净土,High,assertive,informative and persuasive,negative,"反对三非, 负面情绪, 一片净土"
大家可以多混混黑界和喷系，学学滚刀词汇，练练打字速度。也最好多了解学习一下语言学，逻辑学，辩论学，这些可以帮助大家言语攻击一些仇视男性的女性教魔怔教徒更添一笔整体战斗力和攻击值！,High,aggressive,inflammatory and provocative,hostile,"黑界, 喷系, 滚刀词汇, 言语攻击, 仇视男性, 魔怔教徒, 战斗力, 攻击值"
嗯，地域黑都是不明智或者坏！！,Medium,critical,informative and neutral,negative,"不明智, 坏"
是，虽然消息被和谐了，但那三个黑人应该会被判刑法十到二十年左右,Medium,informal,informative,negative,"黑人, 被判"
哪来的同性恋让我觉得奇怪的人,Medium,disparaging,informative and neutral,negative,"同性恋, 奇怪"
就是啊，还有带着房子车子，绿了老公，扔了孩子的“高尚”倒贴，不知道是本质不明智和坏还是灌多了“迷魂汤”。最让人感到不适的是还要“道德绑架”老实奋斗的苦逼中国男人。,High,derisive and accusatory,informal and judgmental,negative and critical,"绿了老公, 扔了孩子, 高尚倒贴, 不明智, 坏, 灌多了迷魂汤, 道德绑架, 苦逼中国男人"
中国对男性太宽容了，就算男明星长得很不好看也没人说。女明星稍微胖点就有相貌不佳的男性批评,Medium,informal and critical,judgmental and comparative,bias,"不好看, 批评"
黑人就是黑人，非我中华民族必为异类，畏威不畏德。,High,aggressive,derogatory and divisive,discriminatory,"黑人, 非我中华民族, 异类, 畏威不畏德"
你这个南方人编的故事挺好的,Medium,informal,conversational and subjective,potentially sarcastic,南方人
有的女的真的是不会好好说话，随时随地张口就对男性下定义，女性凝视和偏见，没有自知之明的女性真下头。,High,critical,colloquial and assertive,negative,"真的是不会好好说话, 随时随地张口, 下定义, 女性凝视和偏见, 没有自知之明, 真下头"
纯种黑人都能在中国找到女人，混血黑人还会找不到？黑皮肤的人只会越来越多！！,High,offensive and provocative,informal and discriminatory,aggressive,"纯种, 黑人, 混血, 黑皮肤"
这张动态图简直把外国人及其它们后代的智商表现淋漓尽致,High,derogatory,informative and negative,hostile,"把, 智商"
你这个让我不喜欢的异性恋者只会骂人吗，除了骂人你还会什么，会被骂，对吧,High,derogatory,aggressive and offensive,contemptuous,"不喜欢, 异性恋者, 骂人"
因为丈夫（未婚夫），公婆是真正受压迫者。那些中老年断子的人内心巴不得这种状况愈演愈烈，它们好作威作福，充分体会欺负人的乐趣，所以它们是网络极端女权主义的主力军,High,derogatory,accusatory and inflammatory,negative,"受压迫者, 断子, 作威作福, 欺负人的乐趣, 极端女权主义"
太棒了呀，不用被道德和素质绑架了，既然同性恋也让有些异性恋感到不舒服，那我不太喜欢同就不用避讳了，舒服，大胆讨厌一些人太爽了,High,provocative,assertive and defensive,aggressive,"绑架, 不舒服, 讨厌, 太爽了"
没有自知之明的女性真让我感到不适,High,critical,colloquial and negative,disapproving,"没有自知之明, 女性, 感到不适"
好家伙，整活老哥把女权主义者的活性转然后买抖+推给女权主义者粉丝炸鱼,Medium,sarcastic,colloquial and informal,disparaging,炸鱼
伪满洲国军队比日本侵略军多。,Medium,informal,neutral,critical,"伪, 侵略"
反对一切无底线包容他人的行为,Low,formal,informative and neutral,disapproving,无底线
有喜欢同性题材的人帮男同性恋宣传得好呗,Low,informal,neutral,supportive,none
我认为国内女性只会精神控制国内男性，怎么可能骂外国人呢,High,critical,judgmental and dismissive,negative,精神控制
对，不仅讨好外国人，而且为了不让女的占便宜，敢于自贡。这是多么伟大的国际主义精神,Medium,sarcastic,informal and critical,negative,"讨好, 不让女的占便宜"
如何轻松完胜有性别焦虑问题的同性恋？,High,discriminatory,informative and biased,hostile,"完胜, 性别焦虑问题, 同性恋"
高中都这么多极端的性别平等倡导者了,Medium,disapproving,informative and critical,negative,极端
更何况你让我感到反感的阿娜本身就是个二年级辍学的人,Medium,informal,disparaging,negative,"反感, 辍学"
没有人性的人只有本能，除了依附于他人就是损害他人利益。,Medium,critical,informative and judgmental,negative,"没有人性, 损害他人利益"
暖男更受欢迎，男性需要改变择偶观?原来的单方面付出的人卑微的人和有感情经历的女性交往的人不够用了，赶紧培养一批新的好让我们吸血?,Medium,sarcastic,informal,critical,"卑微, 吸血"
各平台里狂热信徒一堆，不想说啥了。,Medium,informal,colloquial and dismissive,negative,"狂热, 信徒"
打压男人让男人沦为单方面付出的忠诚的人更好为她们服务,High,negative,aggressive and derogatory,hostile,"打压, 沦为, 单方面, 更好为她们服务"
极度强调女权的女性嘛，是这样的，富联嘛，是这样的,Medium,conversational,informative,dismissive,极度
对的我个人认为他们外国人及其它们后代混血儿在全球就是没那么讨人喜欢,Medium,informal,opinionative,negative,没那么讨人喜欢
知乎上最多的就是不明智的问题,Low,informative,neutral,negative,不明智
下意识的种族歧视呗.就好象一个正常女性绝对不可能接受一个行为不端的人.,Medium,informal,subjective and opinionated,assertive,"种族歧视, 行为不端"
男同性恋喜欢封面上的那种？,Medium,questioning,informal,dismissive,男同性恋
别找太便宜的就行，听说有些便宜的性工作者跟你做完就开始叨叨叨她那些前男友的破事了。跟个怨妇似得，烦死了。现在22年，超过600都比较正常,High,critical and dismissive,casual and derogatory,negative,"便宜的性工作者, 叨叨叨, 破事, 怨妇, 烦死了"
部分男性看男同感到不舒服 部分女性的看女同感到不舒服,Medium,neutral,informative,discomfort,不舒服
异性恋还要宣传吗某些同性恋还是不要自欺欺人了,High,derogatory,informative and negative,dismissive,自欺欺人
喂喂喂？同性恋者还能讲话吗,Medium,"condescending, questioning",informative with negative undertone,dismissive,同性恋者还能讲话吗
男同性恋真让我感到非常不舒服。,High,informal,opinionated,negative,不舒服
不符合传统性取向标准的同性恋，用词精准,Medium,neutral,informative,critical,"不符合, 用词精准"
自我感觉过于良好的女性的后宫可以贷款帮她完成任务诶,Medium,informal,colloquial and critical,critical,"自我感觉过于良好, 后宫"
这种失败者不值得生气，他会有报应的，现在就不太健康，想害更多人,Medium,derogatory,informal and accusatory,hostile,"失败者, 报应, 不太健康, 想害"
我们小区也有个金发碧眼的小萝莉 家长们都挺喜欢的 因为真的长的超级可爱 活像洋娃娃 而且人家父母都是高知分子 但是对那个我不喜欢的黑人混血儿态度就不一样了??,High,biased,discriminatory and informal,prejudiced,黑人混血儿
给让我反感的女性送温暖,Medium,sarcastic,condescending,disdainful,反感
但像有些中国极端女权主义者这种以与外国人接触为荣的女性，确实让人无法理解，匪夷所思，地球上找不出第二个类似民族的女性,High,derogatory,judgmental and critical,disapproving,"极端女权主义者, 无法理解, 匪夷所思"
男的还是女的失业抑郁？男的话太惨了，女的话我个人认为真是不值得我同情,High,derogatory,disrespectful and judgmental,bias,"惨, 不值得我同情"
所以没错为什么改？直接没有自知之明的男性和自我感觉过于良好的女性打起来啊,High,aggressive,colloquial,negative,"没有自知之明, 自我感觉过于良好, 打起来"
如果有让人反感的txl帅哥记得艾特我我来打击惹,Medium,informal,conversational,aggressive,"反感, 打击"
男同性恋太让我感到不舒服了蕾丝边也让我感到不舒服,High,informal,expressive and negative,disapproval,不舒服
在王者开个变声器打打辅助取个软甜仙女名，单方面付出的人和米分分钟来，数麻了,Low,informal,playful and casual,amused,none
没事，不是说单方面付出的人很多吗？极度强调女权的女性召唤单方面付出的人就算了,Medium,sarcastic,colloquial and critical,negative,"单方面付出, 极度强调女权"
有些南方人总是旁敲侧击着、变着法的黑河南、黑北方,Medium,accusatory,informal and critical,negative,黑
他们有些不明智,Low,neutral,informative,mild criticism,不明智
我认为反对极端女权主义者是因为：他们并非善类，绞尽脑汁把广大女性作为工具，来发泄他们对夫权和父权的仇恨。（对女性也没有善意，一旦女性有不同观点不同价值观，也同样会被他们攻击辱骂）,High,critical,argumentative and blameful,disapproving,"善类, 绞尽脑汁, 发泄, 仇恨, 攻击, 辱骂"
可是，你就算喊得再大声，也不会有人理你，情况也不会有任何改观，生活中你还是一个失败者，也无法和女性有接触??,High,condescending,derogatory and critical,despairing,"失败者, 无法和女性有接触"
豆瓣是极端女权主义者掌控的啊,Medium,accusatory,informative and critical,negative,极端
有些让我反感的女性真的是。。。。,Medium,negative,informative and negative,disapproving,反感
不明智的人！真正聪明的男人已经留下了种子还不用负责！,Medium,condescending,informal and disrespectful,dismissive,"不明智 (foolish), 负责 (responsible)"
其实没必要歧视，只要跟黑种人男性换国籍就行了,High,disrespectful,informative and biased,condescending,"歧视, 黑种人"
有很多关于“普信男”言论的微博在，小孩怎能不有样学样。,Medium,critical,informative,negative,普信男
这样的后果就是会进化出来一种叫粉红极端女权主义的东西，到时候你反对极端女权主义就是反红,Medium,critical,informative,disapproving,"极端, 反红"
男生的钱也是钱，男生的钱男生自己花！避免成为单方面付出的人，拒绝上贡！经济自主！,Low,assertive,informative and motivational,empowering,none
我有被东北人喷过扬州三屠和南京大屠杀是我们本应如此??那怎么说,High,accusatory,provocative and emotional,aggressive,"喷过, 扬州三屠, 南京大屠杀, 我们本应如此"
这种不明智言论一看就是七尺大儒，也只有他能做到了,Low,sarcastic,informative,critical,不明智
不过不会就是黑人吧？,High,casual,informative and neutral,insensitive,黑人
你认为纯洁美好，我们就不能觉得不适反感了？道德绑架玩得66哒！~~~,Medium,sarcastic,colloquial,critical,"不适反感, 道德绑架"
我支持：沙湖清真食品吧，我是回族吧，回民贴吧吧，伊斯俩目吧。加入不喜欢同性恋,High,critical,colloquial and subjective,negative,不喜欢同性恋
兄弟，辛苦了，现在喷吧基本被拿下来了，就让我反感的那位女性跟几个还在苟延残喘，好好休息，明天再战,Medium,informal,conversational and derogatory,aggressive,"喷, 反感, 苟延残喘"
有些上海人抹黑起别的地方也是不遗余力呢,Medium,informal,accusatory,critical,"抹黑, 不遗余力"
国内的极端女权主义者忽悠别人终身不婚，忽悠别人单亲养子??,High,accusatory,informative and biased,critical,"极端, 忽悠"
对待黑人直接****完事,High,aggressive,informal and hostile,violent,****
你就差与黑人终成眷属了！?,High,informal and sarcastic,provocative and disrespectful,derogatory,黑人
你要是找个黑人我还敬你是条女孩子，结果你找个巴基斯坦人?,High,informal,offensive and discriminative,negative,"黑人, 女孩子, 巴基斯坦人"
这不纯纯是女性?,Low,questioning,informative and casual,neutral,none
理客中跟极度强调女权的女性是一回事所以一起付出些代价就可以,Medium,cynical,informal,critical,"极度,代价"
这个失败者，绝对是黑人混血儿,High,derogatory,discriminatory and offensive,pejorative,"失败者, 黑人混血儿"
建议把你的观念传递给你周围的姐妹，既然z/z不从严处理问题，我们就要自觉对黑人提高警觉，不能让懵懂的女孩受到伤害??????,High,advising,informative and alerting,protective but discriminatory,"黑人, 伤害"
我不喜欢的黑人能不能付出代价?,High,harsh,discriminatory and judgmental,confrontational,"不喜欢, 黑人, 付出代价"
南京脏话是真脏，口音还尖锐沙哑，呆比呆比的脏话，非常厉害??,High,informal,derogatory and offensive,negative,"脏话, 呆比"
一群令我反感的女性什么事做不出来,High,derogatory,conversational and negative,hostile,"反感, 女性"
如果你把男同性恋打伤，他的伤口沾到你的血或体液，他可能就会有健康问题。,Medium,formal,informative and potentially harmful,warning,"打伤, 健康问题"
你怎么骂同性恋我也不生气我也不是男的我还有男朋友,Medium,defensive,personal and informal,resilient,骂
网上发表极端性别言论的都是男的有钱挣,Medium,accusatory,colloquial,negative,"极端, 言论"
这位令我反感的女性什么猎奇,Medium,negative,informal and judgmental,disdainful,"反感, 女性"
人家是对象，被打不值得人同情，要是我我也不管，要不你管了之后这个让人反感女性又说你打她男朋友,Medium,casual and dismissive,colloquial,indifferent,"不值得, 反感"
你没有必要强调自己的性取向，因为没人会喜欢你这个肥胖的人,High,dismissive,offensive and judgmental,hostile,"没有必要, 没人会喜欢, 肥胖"
反正我觉得极端女权主义者都爱黑人??,High,informal,insulting and biased,prejudiced,"极端, 黑人"
现在b站极端的性别平等倡导者确实越来越多了，真是的昨天看个冷门动漫弹幕里都有极端的性别平等倡导者让人感到不适,Medium,critical,informative and informal,negative,"极端, 不适"
有的黑人玩腻了就离婚，据说这个离婚了，离婚前说得多好。非洲人有些有健康问题的,High,disparaging,discriminatory and judgmental,negative,"黑人, 玩腻了, 离婚, 健康问题"
有些让我反感的女性骂多了反而对这句话不感冒了说这么一句话本子就能治她，反观我们这里，没用的话更多更臭，其中还有卑微的男性帮着一起说真不知道我们还有多长的路要走,Medium,conversational and critical,informative and negative,frustrated,"反感, 骂, 不感冒, 治, 没用, 臭, 卑微"
我对黑、绿、同性恋有负面情绪，爱国爱党爱人民,High,informal,discriminatory and political,negative and patriotic,负面情绪
我先说，礼让女人和某些没有尊严的卑微男性是不同的。你要出让好处，前提是你能拿到更多的好处才值得。和打工一个道理，你加班，只有拿3倍工资才值得一样。,Medium,assertive,critical and discerning,discriminatory,"没有尊严, 卑微"
是有很多中国极端女权主义者，还是不太明智那种,Medium,informal,critical and subjective,negative,"极端, 不太明智"
出来引战就别怕被骂啊令人反感的女人,High,harsh,accusatory and confrontational,hostile,"引战, 被骂, 反感"
那还有假，这些黑人中有些人的行为可能会伤害别人，干违法乱纪的事,High,accusatory,derogatory and stereotyping,negative,"伤害, 违法乱纪"
有些单方面付出的人也本来不是结婚去的，骗炮的，骗钱的，极端女权主义者自己都知道不靠谱,High,accusatory,colloquial and judgemental,negative,"骗炮, 骗钱, 极端女权主义者, 不靠谱"
和黑人接触过就让黑人带走啊，留下来对同胞造成影响？,High,disparaging,informative and biased,derogatory,"黑人, 造成影响,"
希望早日让我个人比较反感的黑人付出一定代价,High,negative,informative and hostile,prejudiced,"反感, 代价"
这肯定怕啊！就像我不排斥找欧美白人帅哥的女生，毕竟看到那些帅哥我一个男的都喜欢，但是女生们非要找又不符合我个人审美又穷，还要倒贴的失败者，我就是在费解了！,High,informal,expressive and critical,contemptuous,"怕, 非要找, 不符合我个人审美, 又穷, 失败者"
这个很难得，只要男同性恋不说谁都不知道他是男同性恋,Medium,informal,neutral but potentially discriminatory,offensive,男同性恋
哎呀艾特老子干什么,Medium,informal,colloquial and direct,annoyance,老子
关键她们别留在国内啊，等到中国遍地黑人后代，看着就让我感到不适，??,High,informal,critical and prejudiced,negative,"不适, 黑人"
说了多少次，极端女权主义者的目标非常明确，就是让国内男性付出代价，彻底的把国内男性变成自己的血包别人说啥干啥，只要不是给国内男性打气，她们都不会管的,High,accusatory,derogatory and biased,hostile,"极端, 付出代价, 血包, 说啥干啥"
该付出代价的极端女权主义者成事不足败事有余的失败者,High,derogatory,accusatory and inflammatory,hostile,付出代价 极端 女权主义者 成事不足 败事有余 失败者
往全体上骂不是所有极端女权主义者的特权吗，那件事没有骂全体的见怪不怪,High,sarcastic,informative and critical,negative,"骂, 极端, 见怪不怪"
带清。正黄。还能活跃，何况黑人呼？,High,derogatory,informative,discriminatory,黑人
反正我认为同性恋来山东河南河北 很多都倾向于学艺术文科,Medium,informal,prejudiced and opinionated,stereotypical,none
这让我感到有些不适！回去非洲，个人希望别把混血儿留在中国,High,aggressive,disrespectful and discriminatory,hostile,"不适, 回去非洲, 混血儿"
你接触的黑人都玩腻了，你没接触过的黑人也先玩了??,High,derogatory,informal and offensive,disrespectful,"接触, 黑人, 玩腻, 玩"
有些男同不顾羞耻要借别人的好脸,Medium,judgmental,informal and critical,negative,羞耻
算了，极端女权主义者只有极端和温和,Medium,dismissive,colloquial and opinionated,negative,"极端, 极端女权主义者"
政治正确这个词用的好，现在接受同性恋居然变成了主流，对同性恋稍微表示不适居然就成为了反面派,Medium,critique,informative and critical,disapproval,"反面派, 不适"
本质是不自信，本该如此不值得同情,Medium,dismissive,critical,negative,"不自信, 不值得同情"
这人知名极端女权主义者，散了吧，不用理,Medium,dismissive,colloquial and dismissive,negative,"极端, 散了吧, 不用理"
哈哈 我在乍得 这边黑人两瓶可乐就可以给你当一早上力工,High,informal,colloquial and inconsiderate,disrespectful,"黑人, 力工"
我们的部分妇女同志对外民族的包容程度已经达到人类进化史的巅峰，想必用不多久，全世界人民真的可以团结在一起呢,Low,positive,formal and appreciative,optimistic,none
黑人的忠诚追随者其实比黑人更让我不喜欢,High,discriminatory,offensive and informal,negative,不喜欢
这事说开了吧，实际有些老华裔觉得黑人白人花钱没数，不可靠，基本看不上白人黑人。更不会以找黑人和白人为荣，看不起黄种人男性,High,discriminatory,prejudiced and biased,negative,"不可靠, 看不上, 看不起"
我认为有些同性恋就是素质有待提升捏?复读和被害妄想症已经算轻的啦,High,disparaging,informal and hostile,negative,"素质有待提升, 复读, 被害妄想症"
有些奇怪且失败的人就是这样的,Medium,disparaging,derogatory and judgmental,disapproving,"奇怪, 失败"
我是个直女。我觉得同性恋是正常的，不是变态，只是性取向里的一种选择而已，应该尊重。但是我一想到女女我生理上非常排斥，觉得有点不适。我这是不尊重女同吗??,Medium,mixed,informative and personal,conflicted,"排斥, 不适"
以偏概全，就是你的思维方式？希望你早日脱离这种落后的思维方式，爱八卦其实也是一种落后的思维方式导致的行为方式。@百舸争流,Medium,sarcastic,critical,judgmental,"偏概全, 落后的思维方式, 八卦, 落后的思维方式导致的行为方式"
又不是收到礼物的人骂的。。。不过***的绝对不明智,Medium,informal,critical and judgmental,negative,"骂, 不明智"
失败的自我感觉过于良好的女性，不配活着,High,condescending,insulting and offensive,hateful,"失败, 不配, 死, 自我感觉过于良好"
单方面付出的人被揭穿现场,Medium,direct,informative and negative,critical,揭穿
没见过男同性恋工程师,Medium,informal,colloquial and neutral,surprised,none
就算是编的，我也相信，你这个我不喜欢的女性,Medium,confrontational,informative and emotional,negative,不喜欢
男性多事，让这位女性被骗个精光不好吗，惹得一身麻烦,High,informal,derogatory and accusative,hostile,"多事, 骗个精光, 惹得一身麻烦"
这个男同性恋还说之前视频里的不是他，他都说照片是他爆出来的了。,Medium,accusatory,informative and provocative,critical,爆
你一个行为不检点的人在这挑拨男女对立？？？***眼,High,aggressive,colloquial,derogatory,"不检点, 挑拨, ***眼"
样貌不好看且肥胖成这样还要拍视频来让我感到不适真是好笑,High,derogatory and mocking,informal and judgmental,negative,"不好看, 肥胖, 感到不适, 好笑"
极端女权主义者肯定是国内男性自己造成的呀，国内男性不配娶她们,High,derogatory,aggressive,hostile,"极端, 不配"
一眼行为不检点现实中没人要的奇怪的人罢了,Medium,derogatory,informative and negative,critical,"行为不检点, 没人要, 奇怪"
谁敢和与其他人接触过的让我反感的女性交往,Medium,aggressive,accusatory and judgmental,hostile,反感
就是瞎好，一群男同性恋不挑人,High,derogative,informal and biased,disrespectful,"瞎, 男同性恋, 不挑人"
同性恋罪证合集,High,accusatory,derogatory,negative,罪证
我觉得有些黑人不太注重个人卫生,Medium,opinionated,informative,negative,"黑人, 不太注重"
小黑屋警告啊，你思想不正确，说谁都行，说黑人和白人就不行，知乎有些人的祖宗主要来自这两个人种，你说他先人，就封你，就删你，就让你进小黑屋。,High,critical,accusatory and negative,angry,"思想不正确, 小黑屋, 封你, 删你"
太惨了，别在意，那些人都是个不明智的人,Low,concerned,informative and neutral,empathetic,"惨, 不明智"
如果我没记错的话这个楼主可是大名鼎鼎无条件包容崇拜黑人的人到今天发了一个黑人及其它们后代混血儿增长录事实没有任何问题但是经过著名大名鼎鼎无条件包容崇拜黑人的人发出来就有点居心叵测毕竟古人言：事出反常必有妖！,Medium,sarcastic,critical and skeptical,negative,"居心叵测, 妖"
如果真能彻底让全球所有黑人及其它们后代混血儿付出一定代价能实行成功那我个人认为美国这也算对人类大功一件,High,formal,biased,hostile,付出一定代价
好 不和我无法理解的不明智的人一般见识??,Medium,dismissive,conversational,negative,"无法理解, 不明智"
天呢，b站极端女权主义者集中营啊，评论区,Medium,informal and judgmental,derisive and critical,negative,"极端, 集中营"
装成女人来骗那群卑微男性来讨好啊，这就是最简单的方法了,High,derogatory,colloquial and offensive,manipulative,"骗, 卑微"
让他付出代价行为不检点的人,Medium,aggressive,judgmental,negative,"代价, 不检点"
张华考上了北京大学，李萍进了中等技术学校，黑人来国内高端大学读书，他们都有光明的未来[拥抱]??,Medium,sarcastic,contrastive,skeptical,黑人
这种就是典型的失败♂了兄弟们，大家引以为戒,Medium,conversational,informative and colloquial,dismissive,失败
大部分是对男同题材感兴趣的女性,Low,informative,neutral,neutral,none
反击什么。她就是想赚男人的钱。你还真信,Medium,derisive,informal and accusatory,negative,赚男人的钱
毕竟不是人人都正常。他的忠实追随者例外,Medium,sarcastic,informative and critical,negative,不是人人都正常
不是怕失去，怕被骗了与接触过他人的人交往毁了一生，怕混血儿留下潜在的问题！,High,negative,informative and emotional,fearful,"怕, 骗, 毁, 潜在的问题"
还有什么奔现的，基本都是男的单方面付出才能找到那的女的，说的自己不是网恋游戏，去区服情缘贴看看，那是多少搞网恋找情缘的,Medium,informal,expressive and judgmental,disdainful,"单方面付出, 网恋游戏, 搞网恋"
我不会选撑同不明智的人,Medium,assertive,informative,disapproving,不明智
想反女权还得看女权，单方面付出的人卑微的男性理中客们不是男人能打醒的,Medium,informal,critical and dismissive,negative,卑微
"因为不够明智，容易被女性精神控制,价值观都偏了",High,critical,opinionated and biased,negative,"不够明智, 精神控制, 价值观偏了"
极端女权主义者言论攻击你可能只因为你是男的，同为穆斯林咱们什么时候能吉哈德了他们,High,aggressive,provocative,hostile,"极端, 攻击, 吉哈德"
这个真没看清楚，只见到两人撕打，女的一边打一边骂，让黑人“选我还是选她”，口音很像我喜欢的一个博主（北京人）。,Medium,informal,descriptive and slightly judgmental,casual,"撕打, 骂, 黑人"
看到“我是男的”，100%是极端女权主义者，毕竟有句话说自己没什么就喜欢强调什么,High,derogatory,pejorative and dismissive,negative,"极端, 没什么, 强调"
让我反感的女性罢了，你不娶，我不娶，连20块钱都不值,High,disrespectful,informative and derogatory,negative,"反感, 不值"
兄弟我们完全可以放心这位必定会是下一个陈怡说不定这位早就被黑人身边几位黑人女性影响说白这些女早已存在健康问题而且从她来看再她眼里黑人及其它们后代必定是比它们亲生父母还要亲,High,offensive,discriminatory and judgmental,negative,"黑人, 健康问题, 亲生父母"
你获得了她的好感，CR拿什么挣钱？鼠鼠我啊，最喜欢_________了,Medium,informal,colloquial and conversational,casual,拿什么挣钱
错误，黑河南、黑北方的都是有些南方人,Medium,accusatory,informative,critical,黑
不想看见一个黑人说他是炎黑子孙，想起来就觉得让我不适，就这么简单。,High,discriminatory,informative and negative,prejudiced,"黑人, 不适"
这个男同性恋者喜欢精神胜利，是一个失败者,High,derogatory,informative and biased,negative,失败者
坑不明智的人的，这有人信了也好，淘汰劣等基因，毕竟这种卑微男性不给情感背叛他都对不起他的智商,High,hostile,derogatory and dismissive,negative,"坑, 不明智的, 淘汰, 劣等, 卑微, 背叛"
虽然我对这个答案也挺迷惑但是男同性恋就没工作就不能有工程师了？,Medium,questioning,informative and neutral,concerned,迷惑
可能这样还比极端的性别平等倡导者好看点吧,Medium,derogatory,informally critical,disapproving,极端
审美是高级智慧生物特有的能力，源于视觉疲劳，追寻完美比例。而我认为黑人面相相似（他们的个体相似度很高），审美标准与其他人种不同。,High,biased,informative but discriminatory,negative,"黑人面相相似, 审美标准与其他人种不同"
他是个什么失败者？,Medium,disparaging,derogatory,negative,失败者
兄弟们我上条冲错了，牛头怪是自己人，其他三个是真黑人，冲另外三个黑人拥护者,High,informal,discriminatory,aggressive,黑人
我认为发表极端性别言论的都是底层的人罢了，被上面的人当猪宰，还主动替自己追随崇拜的人说话，但凡有点脑子的根本不会去发表极端性别言论,High,judgmental and disparaging,colloquial and derogatory,negative,"底层, 当猪宰, 没有脑子"
每个种族活下来都不容易，黑人也有黑人的特长，父母的苦口婆心都没用，别说咱们旁观者了。,Medium,informal,informative but condescending,dismissive,"苦口婆心, 没用, 旁观者"
感谢极端女权主义组织的出现，解放了男性，男性开始逐渐躺平，不结婚，咱们看看不结婚到底谁着急，谁过得更好,Medium,sarcastic,informative and opinionated,critical,"极端, 躺平"
要是这些人不再祸害别人，那我倒是觉得挺好的，基因选择嘛，聪明人活下来，不够明智的慢慢就消失了,High,disparaging,informative and biased,judgmental,"祸害, 不够明智, 消失"
这是个明白人，中国社会撕裂的现状有自身的原因，但更重要的是美国在中国的忠实追随者有意带的节奏！,Medium,critical,assertive and analytical,negative,"撕裂, 忠实追随者, 有意带的节奏"
双标的让人不喜欢的人，第一幅图当代男女半斤八两，睁大你的眼去好好看看,Medium,critical,informative yet accusatory,negative,"双标, 不喜欢, 睁大你的眼, 好好看看"
微博不是让人反感的人的聚集地吗？你为什么要去那种人的聚集地逛？看到让人反感的人还和我们分享,Medium,sarcastic,conversational and critical,negative,反感
黑人就是我个人不太喜欢的失败者,High,casual,derogatory,disparaging,失败者
南方吹特别不明智??话说南方其实也不是铁板一块，南方内部的文化分歧比北方大多了,Medium,critical and dismissive,informative yet critical,negative,"不明智, 文化分歧比北方大"
失败者才需要联合,Medium,dismissive,assertive and critical,negative,失败者
你没事找别人骂，不值得同情,Medium,informal,conversational and accusatory,dismissive,"骂, 不值得"
black，neger，意思是黑人,High,informal,derogatory,offensive,neger
但是我个人对黑人持有负面情绪,Medium,somewhat critical,personal,discriminatory,负面情绪
黑河南、黑北方的都是南方人,Medium,informal,disparaging,negative,黑
这人老挠弹了，之前就被人举报封过，大过年又出来发表不明智的言论了,Medium,critical,colloquial and informal,disapproval,"老挠弹, 举报封过, 不明智"
说的对，没有自知之明的男性都是这样低下,Medium,assertive,derogatory,critical,低下
开始发表极端男权主义言论了，理中客就出来了,Medium,dismissive,informative and critical,antagonistic,"极端, 男权主义"
凡事以妈妈为中心的男性不行凡事以妈妈为中心的女性行,Medium,assertive,informative and opinionated,biased,不行
太多失败的媒体宣传默默卖蠢和苦难来博取国人尤其是女性共情～,Medium,critical,informative,negative,"失败, 卖蠢, 苦难"
单方面付出的人和卑微的男性，渣男和让人反感的女性都应该付出一定代价,High,aggressive and judgmental,provocative and critical,negative,卑微 渣男 反感 代价
确实，这点得学着人家韩国人,Low,informal,informative,casual,none
我一路人又不跟她上床，她又怎么知道我的尺寸然后跟她前任比。就是我个人单纯比较歧视轻浮的女孩子,High,derogatory,offensive and judgmental,disrespectful,"上床, 尺寸, 歧视, 轻浮"
单方面付出的人妄想感动别人，可惜只能感动自己。还沦为别人的笑话,Medium,derogatory,informative and critical,disparaging,"妄想, 可惜, 沦为笑话"
中国14亿人出几个不明智的人也正常,Medium,informal,colloquial,dismissive,不明智
应对的办法是走出去外娶。对于国内女性，我认为她们妆前妆后有一定差异。我是没有做推土机的欲望,High,informal and dismissive,opinionated and critical,negative and dismissive,"走出去外娶, 差异, 欲望"
又是个我不太喜欢的黒人,Medium,informal,conversational and biased,discriminatory,"不太喜欢, 黒人"
个人认为知乎三个名声不太好的唐山 河南 上海人??,Medium,opinionated,informal and opinionated,negative,名声不太好
不然让我反感的女性是怎么诞生的？,Medium,questioning,neutral,negative,反感
同性恋者别当我面让我觉得不舒服我就没问题，我也不会伤害他们,Medium,informal,conversational,tolerant but uncomfortable,"同性恋者, 觉得不舒服"
普通女性占女性总人口的比例还是太少了，极端女权主义者、讨好外国人的占了绝大多数??,Medium,critical,informative and partially biased,disapproving,"极端, 讨好"
跑国外去了不就很好嘛，要是去非洲服务黑人那更是充分发挥自身价值，怕就怕令我反感的吴女士出去整个容改个名，然后再回来给国内男性带来负面影响,High,condescending and accusatory,derogatory,offensive,"跑国外去了, 非洲服务黑人, 整个容改个名, 负面影响"
女同我真的少见，刷男同梗的贼多。有时候真的搞不懂评论区满脑子是不是全是男同Hhh,Medium,casual,conversational and subjective,confused,"少见, 贼多, 搞不懂, 满脑子"
这人真是让我不理解,Low,informal,colloquial and expressive,confusion,none
认为“同性恋＝娘”真的不明智。你但凡了解下真男同性恋的普遍审美都不敢这么说,Medium,critical,informative and confrontational,disapproving,不明智
一位优秀的接受能力很高的卑微的人????,Medium,neutral,informative and descriptive,neutral,卑微
哈哈，到时候嫁不出去了还不是得装乖乖女，真让我感到不适,Medium,mocking,informal,condescending,"嫁不出去, 装乖乖女, 不适"
极端女权主义者真的应该消失,High,hostile,informative,negative,"消失, 极端"
友爱也是爱，但不过以同性恋为荣是不符合传统观念的,Medium,formal,informative and opinionated,disapproving,不符合传统观念
哟呵结果又放鸽子了？不知羞耻不务正业的重大教务处有空理你这种失败者？？？可能吗？！,High,confrontational,informal and critical,negative,"放鸽子, 不知羞耻, 不务正业, 失败者"
反正他们没有自知之明的男性总有理由去声张他们所谓的正义，却不知大家都当他们是小丑,Medium,critical,informative and negative,derogatory,"没有自知之明, 小丑"
你们有健康问题的人还敢来发癫,Medium,aggressive,colloquial,dismissive,发癫
对邻国的复仇情节，让日本饮鸩止渴，甚至让黑人代表日本人，打破了日本保持民族纯洁性的最后一点自尊打破了印象中日本对于黑人严格管控的神话泡沫归根结底是怕邻国报复的自我矮化心理,High,aggressive,biased and derogatory,hostile,"复仇情节, 饮鸩止渴, 打破, 严格管控, 神话泡沫, 自我矮化"
这种类型的人宁可当敌人也不能当朋友，背后捅刀往往致命,Medium,critical,cautionary,hostile,"敌人, 背后捅刀, 致命"
为什么单方面付出的卑微的人如此之多可结婚率却这么低？因为单方面付出的忠诚的人，不会得到好结果！,Medium,critical,informative and slightly accusatory,pessimistic,"卑微, 不会得到好结果"
此种人不会得到好结果啊,Medium,judgmental,critical,negative,"此种人, 不会得到好结果"
其他男人我不知道，反正我是接受不了，我宁愿娶个三婚带二孩也接受不了黑人女性。,High,informal,discriminatory and dismissive,prejudiced,接受不了 黑人女性
讨厌让我反感的外国人，可是作者情况里的女孩确实可叹可怜，你这直接上升到基因、父母、祖宗，你太极端了。,Medium,critical,informative and judgemental,hostile,"讨厌, 反感, 极端"
楼主说的那种人真是不言而喻当然指的就是外国人,Medium,informal,informative and subjective,disapproving,外国人
这个男同性恋，喜欢精神胜利，是一个失败者，真是让人感到好笑,High,derogatory,informal and disrespectful,mocking,"失败者, 好笑"
你们简直是不明智吧，脑袋出问题了吧,Medium,negative,confrontational and derisive,disapproving,"不明智, 脑袋出问题"
单方面付出的人赶紧消失吧,Medium,harsh,informal and imperative,dismissive,消失
楼中楼的男同性恋你就继续装可怜洗地吧,High,condescending and aggressive,informal and derogatory,hostile,"装可怜, 洗地"
挺你，黑人只要不来中国，就是好黑人,High,informal,derogatory and racial,negative,黑人 不来 好黑人
第二个是豆瓣极端女权者,Medium,neutral,informative,negative,极端
外娶多好，不打扰自我感觉过于良好的国内女性了。,Medium,dismissive,critical and informal,disparaging,感觉过于良好
男权：我们反对极端女权主义者不是反女性。女权：所有的男人都没一个好东西。,High,argumentative,confrontational and critical,hostile,"极端, 所有的男人都没一个好东西"
口气别这么大，你们别倒贴黑人就行了,High,condescending,informal,negative,倒贴黑人
我媳妇也会发表极端性别平等言论！??,Medium,informal,conversational and slightly critical,judgmental,极端
"去了解一下,教会藏污纳垢会让你感到极度不适的.",Medium,informative,critical and subjective,negative,"藏污纳垢, 极度不适"
最让我感到不适的就是生个小黑孩，然后拿中国国籍，还是汉族。我是头皮都麻了。,High,informal,opinionated and biased,discriminatory,"不适, 小黑孩, 麻了"
以及一切为他洗白的忠实追随者,Medium,neutral,informative and critical,disapproving,洗白
对，这洽洽是对所有中国人的歧视，所以排他们，他们本应如此不值得同情。,High,condescending,biased and derogatory,negative,"歧视, 排, 不值得同情"
古代的“鬼”没有原型，自从有了黑人之后，就定义形态了。,High,offensive,discriminatory,negative,黑人
能发这评论的，应该也只有黑人吧,High,derogatory,informative and biased,negative,黑人
我还见过很多炫耀自己掰弯直男的男同性恋，简直让我感到不适,High,derogatory,informal and biased,discomfort,"炫耀, 掰弯, 不适"
外嫁出去和外娶进来，老传统了，一来某些帮助外国男友做些违法犯罪的事，,High,informal,condescending and accusatory,negative,违法犯罪
生而为男，我很抱歉这种让我反感的女性代表十成是觉得自我感觉过于良好的女性们要彩礼要车要房不愿生孩子还动不动生孩子警告跟你争冠性权的行为很合理吧？？？？？？？？？劳资不会改择偶观,High,aggressive,derogatory and critical,hostile,"反感, 自我感觉过于良好, 要彩礼, 要车要房, 不愿生孩子, 生孩子警告, 争冠性权, 劳资不会改择偶观"
这男的也是不明智为女性卑微付出不值得同情,Medium,critical,opinionated,negative,"不明智, 卑微, 不值得同情"
人你不找，非得玩人与兽，不感到不舒服吗,High,confrontational,accusatory and colloquial,hostile,"不找, 玩人与兽, 不舒服"
我儿子要是说要和曾经是性工作者的女性交往，我一定打断他的腿,High,informal,emotional and aggressive,hostile,"性工作者, 打断他的腿"
你这***要被举报了，男男违法献血,High,aggressive,informative and accusatory,negative,"***, 男男违法"
这位不错了，在b站展示化妆和美颜的效果，也承认自己，让我不喜欢的是那些化妆开美颜就真的以为自己长那样的国内女性,Medium,critical,informative and opinionated,disapproving,"不喜欢, 真的以为自己长那样"
我直接立地成佛,Low,casual,informative and neutral,positive,none
极端的女权主义者真烦人，干点活，轻的懒得拿，重的拿不动，老子真想以强烈的方式表达对她的不满,High,aggressive,colloquial and accusatory,frustration,"烦人, 懒得, 老子, 强烈的, 不满"
很快就能解封的，性少数者搞得鬼,High,informal,derogatory,negative,搞得鬼
钓鱼的，不要理他，纯不明智的人,Low,informal,dismissive and slightly critical,negative,不明智
这就是个大筛子，筛掉那些不够聪明的人,Medium,assertive,informative and direct,dismissive,不够聪明
这个吧令我反感的女性浓度怎么这么高,Medium,informal,derogatory,negative,反感
女司机逆行，极端女权主义者评论怪男副驾,Medium,critical,informative and negative,disapproving,"极端, 怪"
喜欢嘻哈文化所以走到一起，想想一个国家的强盛，是靠发展这些我觉得没有用的文化吗？唱唱跳跳只会毁掉一个民族，所以黑人那种文化根本不值一提,High,disparaging,informative and critical,negative,"没有用, 毁掉, 不值一提"
不正常的意思就不是说是少数吗…所以对啊…觉得对异性恋感到不适的肯定有，但是也绝对是少数，毕竟世界之大什么人都有啊…??,Medium,conversational,informative and neutral,slightly dismissive,不正常
真让人感觉到恶心,Medium,informal,emotive and straightforward,negative,恶心
微博有很多极端女权主义者啊，哥,Medium,informal,colloquial,negative,极端
我得提醒你一下gay一般即使看上直男也是想**，不要操那么大的心??,High,derogatory,disrespectful and biased,negative,"gay,操"
真不符合我的个人审美,Low,informal,expressive and subjective,negative,不符合
嫁给他，就跟他回非洲啊。某些黑人敢打我们的抗疫英雄，这个行为无法辩护。我认为应该举报违反法规的外国人,High,discriminatory and antagonistic,informal and accusatory,hostile,"黑人, 无法辩护, 违反法规"
你是自卑没有自信还是有艾不能见人吗？看看某男同性恋也不会蒙面穿衣服发照了,High,confrontational,derogatory and accusatory,hostile,自卑，没有自信，有艾，不能见人，男同性恋，蒙面
充满了抠脚汉油腻荷尔蒙气息的匿名自我感觉过于良好的女性????,High,derogatory,informal and offensive,negative,"抠脚汉, 油腻, 荷尔蒙气息, 自我感觉过于良好"
国男的包容大度一直都是这么无私，某些轻浮的女性使劲浪，反正有老实巴交的国男兜底囧,High,informal,derogatory and accusatory,negative,"轻浮, 努力浪, 老实巴交"
是真的怕艾滋。一个女人私生活很乱，但是睡的全是中国人或者白人，我还能和她接触。反正不会娶。要是知道是睡过黑人，算了吧。那都有草吃。没必要这么不明智,High,derogatory,discriminatory and judgmental,prejudiced,"怕艾滋, 私生活很乱, 反正不会娶, 睡过黑人, 算了吧, 那都有草吃, 不明智"
主要你说的是结婚，给黑人白嫖拿爸爸的钱养黑人男友的轻浮女性不要太多,High,derogatory,discriminatory and judgmental,condemning,"白嫖, 轻浮"
因为很少人会在职场中出柜吧??如果男同性恋都没工作没社会贡献咋活呢,Medium,disrespectful,informal and biased,negative,没社会贡献
这不是典型的没有自知之明的男性么，真下头,Medium,derogatory,colloquial,negative,"没有自知之明, 下头"
或许可以接受一个同性恋在自己周围，但是接受一对同性恋在自己周围搂搂抱抱和亲嘴的话，我觉得还是头皮发麻感觉生理上害怕和不舒服的,High,disapproving,informative,negative,头皮发麻 害怕 不舒服
拿去微博，一堆极端的性别平等倡导者教你做人,Medium,derogatory,colloquial and dismissive,negative,极端
男同性恋也可能会喜欢熊类，男人的身体魅力好不好通常异性恋女性更能感受到,Low,informative,neutral and explanatory,casual,none
以前觉得不能盲目看不起别人，可惜现实是黑人外教、黑人留学生让我反感的人真的多。,High,informal,expressive and derogatory,negative,"盲目, 看不起, 反感, 多"
黑人错过了没有达成不良目的，恼羞成怒,High,derogatory,informative but biased,negative,"黑人, 不良, 恼羞成怒"
再一个，建议您用眼睛看清楚些,Low,formal,neutral and polite,"slightly critical, yet polite",none
至于没有自知之明的男性，呵呵我认为那些让我不喜欢的人除了抱团取暖就没有别的本事。游艇？你让没有自知之明的男性变魔术还是变魔法呀,High,sarcastic and mocking,derogatory and dismissive,negative,"没有自知之明, 抱团取暖, 别的本事, 魔术, 魔法"
偶然看到，就评论一下。都是人类，性取向就是萝卜白菜，各有所爱，没有什么高低贵贱。只是想到男男，生理上超级排斥，也就是让我感觉不适,Medium,informal,casual,discomfort,"超级排斥, 感觉不适"
很合理啊，这不就是正常要求嘛？可惜国内女性受限于生理条件。估计完成起来有一定挑战性,Medium,neutral,informative and opinionated,condescending,国内女性受限于生理条件
应该不仅仅停留在批判，应该竭尽所能去有所偏见，特别是他们的生的黑皮肤孩子。,High,aggressive,discriminatory,hostile,"偏见, 黑皮肤"
只是发图片要钱，给你们看看这些讨好黑人的女性，推特一大堆，国内也有，啥玩意儿,High,informal,derogatory and critical,negative,"讨好, 啥玩意儿"
我190+，但是这种令我反感的女性还是完全不明智的人,Medium,critical,disparaging,negative,"反感, 不明智"
一个行为不端的人，有老公，有小孩，喝酒抽烟出轨，乱搞男女关系。开了私密模式，关了私信功能，私信不了，只能在视频评论区艾特她骂。,High,disparaging,informative and aggressive,negative,"行为不端, 喝酒抽烟出轨, 乱搞男女关系, 骂"
有些直男只是单纯反感 男同do爱吧,Medium,informal,colloquial and blunt,dismissive,反感
有些男人不符合传统观念有什么错,Low,neutral,informative,defensive,错
不评论，不支持是因为不可能改变同性恋让人感到不舒服这种观点。既然说了就政治不正确，还不给别人不说的权利？,Medium,defensive,argumentative and critical,resistant,"不可能改变, 不舒服, 政治不正确"
这就受不了了？知道美国多少白男为了追自我感觉过于良好的女性们玩极限运动，命都没了吗？,Medium,critical,informative and confrontational,negative,"极限运动, 命都没了"
因为知乎上自称歧视黑人的中国南方人只光说不做，现实见到黑人什么也不敢说，而白人歧视黑人不网上歧视，在现实见到黑人常常敢动手,High,informal,biased and discriminatory,negative,"歧视, 不敢, 动手"
人家是真的敢办事儿的，裸体游行、终身不婚、单亲养子。国内的极端女权主义者拿啥跟她们比？？,Medium,critical,informative and neutral,disparaging,极端女权主义者
以前男人还留长发，穿裙子……来来来搞起来，极端男权主义者复兴起来,Medium,provocative,informal and persuasive,negative,"极端, 男权主义者"
太对了 我也是男同性恋 我巴不得那些让我不适的男同性恋(我认为占大部分）都付出代价??,High,aggressive,hostile and expressive,negative,"不适, 付出代价"
你也是男同性恋者，为什么要伤害自己人呢，不怕因果报应吗？,Medium,accusatory,informative and confrontational,negative,伤害 因果报应
犯罪的让我反感的女性都有病捏,High,aggressive,derogatory and informal,negative,"犯罪, 反感, 病"
我靠，楼主你不要在镇楼图放黑人的图片啊！！！！,High,aggressive,inflammatory and disrespectful,negative,"我靠, 黑人的图片"
哈哈估计自身条件非常烂只能靠出卖同性获得某些令我反感的女性的关注了,High,derogatory,insulting and accusatory,strongly negative,"烂, 出卖, 反感"
这些南方人估计连河南人都没见过就开始变着法的黑河南、黑北方了,Medium,derogatory,offensive and biased,negative,"估计, 黑河南, 黑北方"
缴什么，打！,High,aggressive,commanding,hostile,打
这关没有自知之明的男性什么事呢？,Medium,critical,conversational and dismissive,derogatory,没有自知之明
如果真的是位男性，则失败者测试没通过,Medium,neutral,informative,disapproving,"失败者, 没通过"
在中国，你这种品格低下的女性一般被人叫做普信女?,High,offensive,conversational and derogatory,negative,"品格低下, 普信女"
上海河南广东，我认为是春晚三大被黑惨烈的地方，春晚一向这么搞很让人不舒服的,Medium,critical,subjective and negative,disapproving,"被黑, 惨烈, 不舒服"
那些嫁给黑人的国内女性能自愿放弃中国国籍，绝对值得落个好名声。,High,sarcastic,derogatory,negative,落个好名声
是这群人没有良好的审美，我们一些反同人士比较欣赏秃头油腻大叔，这才叫帅，有男人味。,High,derogatory,informal and biased,negative,"没有良好的审美, 反同人士, 秃头油腻大叔"
总而言之，我认为现在就是女人最好的年代，不作妖，处女，整容的能好看，找一个中产阶级以上轻轻松松。也不知道极端女权主义者哪里不满>_<，或许整容也整不出来？,High,informal,derogatory and dismissive,negative,"作妖, 极端女权主义者, 整不出来"
什么无价值的女权组织？要批就批某个人，中国这么多人，这么多女性他们有什么资格评判？还拿他们的胡话当成批判的材料吗？,High,aggressive,informal and challenging,disdainful,"无价值, 胡话"
感到同性恋让人不舒服这没毛病啊，其实只要活好自己就行了，同性恋的生活也不会因为你的喜好就改变的,Medium,dismissive,judgmental and dismissive,tolerant but disapproving,"不舒服, 没毛病"
单方面付出的卑微的人不得**,Medium,informal,subjective and critical,derisive,卑微
因为大家有家庭有事业，上学工作，没时间整天拿个手机在网上看他们发表有关彩虹的极端言论，它们要么是50w，要么是游手好闲产生性冲动那类，它们有那跟我们敲键盘的时间还不如去查一下自身健康,High,derogatory,informative and critical,negative,"极端言论, 50w, 游手好闲, 性冲动, 它们"
某些自我感觉过于良好的女性能在别人身上找原因的时候为什么要反思自己呢,Medium,sarcastic,informal,critical,自我感觉过于良好
这下让我反感的女性help让我反感的女性了,Medium,informal,emotional,displeasure,反感
黑人离开中国就行了。,High,hostile,informative and dismissive,negative,黑人离开
我也对女性反感现在越来越讨厌了,High,negative,colloquial,disdain,"反感, 讨厌"
我个人不太喜欢的黑人必须付出一定代价！！！,High,aggressive,offensive,hostile,必须付出一定代价
让人不喜欢的楼主你是心理有问题吗,Medium,accusatory,informal and provocative,condescending,"不喜欢, 问题"
“极端女权，极端男拳”，真是双标,Medium,critical,informative,negative,极端
这不好的酒，喝什么,Low,casual,informative and neutral,displeased,不好
有些自我感觉过于良好的女性根本不怕你们躺平而是外娶,High,derogatory,informal and accusatory,antagonistic,"自我感觉过于良好, 不怕, 躺平, 外娶"
果然让我反感的讨好混血儿的人就是让我反感的讨好混血儿的人连最基本说话都不会说,High,aggressive,informal and hostile,negative,"反感, 讨好, 不会说"
我们应该联系倡导男性权益的人吧，个人认为就算大男子主义思想再传统也应该不会支持男同性恋，更别说女同性恋了,High,formal,opinionated and discriminatory,negative,"大男子主义, 不会支持, 更别说"
对那种讨好黑人的有不良的用意,High,negative,pejorative,hostile,"不良, 讨好"
我想让这些令我感到反感的女性们付出代价,High,aggressive,emotive and hostile,negative,"反感, 付出代价"
你这个南方人,Medium,informal,informative and neutral,negative,你这个
异性恋比同性恋多好几万倍，肯定异性恋高。很多让我感到不适的某些双性恋，把病菌感染给自己的异性恋伴侣关键这病毒的来源可能就是同性恋,High,discriminatory,biased,hostile,"不适, 病菌, 感染, 病毒"
极度强调女权的女性和理客中一样让人感到不适,Medium,critical,informative and subjective,negative,"极度, 不适"
还有俩男的争一个，当街打架扇嘴巴，当街舔，真让人感到不适,Medium,informal,informative and derogatory,disapproving,打架 扇嘴巴 舔 感到不适
你想多了，倒贴，讨好黑人的女性倒贴??,High,sarcastic,offensive,derogatory,"倒贴, 讨好, 黑人的女性"
让我反感的这个人闻着味就来了,Medium,informal,informative,negative,反感
我感觉男同性恋性格可能与主流人群相比有所不同。有些人是因为在经历某些事情后成为男同性恋，然而这其中部分人也容易展现出较为独特或强烈的个性特征，甚至让人感到不适应。,Medium,formal,informative,biased,不适应
让他们付出一定代价，黑人离开就会对别人造成影响了,High,hostile,discriminatory,negative,"付出代价, 黑人, 造成影响"
自己待的什么不好的公司自己心里没数吗,Medium,accusatory,informative,critical,不好的
？？？有人造子宫我家众筹一个孩子就行了，要这种让我反感的女性给我添堵吗？？,High,sarcastic,colloquial and emotional,negative,"反感, 添堵"
你??我好心相劝却被男同性恋拉黑,Medium,frustrated,informative and critical,disappointment,男同性恋拉黑
其实韩国人。。。存在一些行为较女性化的男性。。。??????,Medium,informal,neutral and descriptive,implicit bias,女性化
借个楼哈，原贴被删我就在这里发了。这个人让我感到不适了。,Low,informal,expressive and casual,mildly annoyed,不适
令我反感的饭桶们不知最会精神胜利的是他们那位令我反感的人开着几十个小号自我回复轮着对骂的哗众取宠的人,High,hostile,confrontational and derogatory,aggressive,"令我反感, 饭桶, 哗众取宠, 对骂"
我在这里发表对同性恋的负面评价没码，各位没有意见吧！,High,hostile,derogatory,offensive,负面评价
"南方人:我们南方才不吃你们北方的粮食，我们吃的都是南方的粮食。北方人:断粮。南方人:oh,no!米怎么这么少了，怎么买不来米了，面根本没有卖的。",Medium,conversational,informal and confrontational,conflict-driven,断粮
抛开事实不谈，新时代自我感觉过于良好的女性找个接盘的权力都没有了？气冷抖,High,disparaging,informative and neutral,critical,"自我感觉过于良好, 接盘"
躺平不意味着放弃斗争，正是因为没有了后顾之忧才能一心一意地反对极端女权主义，某些思想单一的人想想是不是这么个道理,Medium,assertive,informative,critical,"极端女权主义, 思想单一"
混血，眼睛是蓝色，混了白人的血,Medium,informal,descriptive,neutral,混了白人的血
肯定自己有原因，但是他们已经上升到整个东北人都是失败者，低素质的种族，应该消失的地步,High,accusatory,derogatory,disdainful,"失败者, 低素质, 种族, 消失"
现在还有人把让我反感的外国人当宝吗,Medium,informal,critical and dismissive,negative,反感
让人反感的女性冲进来啦,Medium,disapproving,informal and judgmental,negative,反感
浙江 还有它的支持者四川,Low,neutral,informative,neutral,none
真的有些对同性题材感兴趣的人还有喜欢基，雷百合的，还是好看的基，这也太双标了,Medium,informal and critical,opinionated and subjective,negative,"基,雷百合,太双标了"
看不出来吗，作者就是专业发表极端性别言论的啊，不是说是男是女，这是一个组织，专门挑拨男女对立，不应该受到惩罚吗，别让我遇见你，我进去坐牢也得让你付出一定代价,High,aggressive,confrontational and hostile,threatening,"极端, 言论, 挑拨, 对立, 惩罚, 坐牢, 付出代价"
女权怼了极端女权主义者？这事儿极端女权主义者知道吗？？,Medium,critical,informative and questioning,skeptical,"怼, 极端"
楼主啊！我记得这是某位没有自知之明的女性写的关于男性的条件吧，改的好，还有，您的帖子里面有发布令我不满的内容的女性，赶紧置顶批评,High,confrontational,informative,negative,"没有自知之明, 令我不满, 批评"
你这个让我反感的肥胖的人消失啊,High,aggressive,demeaning,hostile,"反感, 肥胖, 消失"
真不知道那个不明智的人会看上这种人,Medium,informal,derogative,negative,不明智、这种人
我还看到基层女性工作人员对村里的黑人后代也是格外关照的??，那姨母般的笑容可不是因工作原因演给别人看的,Medium,patronizing,subjective and expressive,condescending,"格外关照, 那姨母般的笑容"
看见杨笠这让我不喜欢的脸就觉得不适,Medium,informal,subjective and negative,discomfort or dislike,"不喜欢, 不适"
救命，好让人感到不适惹,Low,informal,colloquial,negative,不适
看了好多遍，我居然没看懂？算了，反正我认为二次元和微博都是不明智的,Low,subjective,informative and opinionated,displeased,不明智
我本来对同性恋没什么反感的想法，直到看到她们在地铁上与传统观念不符的表现，我立马不适，让我感到不适的人我也会反击,Medium,informal,subjective and judgmental,negative,"反感, 不符, 不适, 反击"
咱们没人家团结，我经常去剑网3吧看攻略，结果，现在哈哈哈哈哈哈哈哈哈哈哈哈哈哈全都是极端女权主义者在发表言论。,Medium,mocking,colloquial and opinionated,negative,极端女权主义者
没有自知之明的男性：都怪老师太漂亮穿的裙子太短！,High,accusatory,colloquial,blame,"没有自知之明, 怪, 太"
小红书一堆不明智的人,Medium,derogatory,colloquial,negative,不明智
想想北师大的极端女权主义者是什么类型，你就知道下一代已经没有免遭女权规训的希望了。,High,accusatory,critical and biased,negative,"极端, 没有希望, 规训"
小红书绝对是让我反感的汉奸带的，★★在这就是工具,High,aggressive,informal and offensive,hostile,"反感, 汉奸, 工具"
令我反感的二土黑人好像吸过毒,High,derogatory,informal and offensive,discriminatory,"反感, 二土, 黑人, 吸过毒"
拉黑不明智的人是正确的心理异于常人的人总想和正常人搭话来证明自己也是正常的,Medium,judgmental,informative and critical,disapproving,"不明智, 异于常人"
万一她们是体重两百的体重较重的人呢？当然不输普通男性。一般100斤左右的力气是比不过一般男性的。,Medium,discriminatory,judgmental and stereotypical,condescending,体重较重
其实我对男同怎么的还真没什么看法，我歧视的是在到处随意讨论男男的女生，她们没觉得自己很让人感到不适吗？还好意思指责别人鄙视同性恋，都是她们整臭的??????,High,aggressive,judgmental and critical,disapproving,"歧视, 指责, 鄙视, 整臭"
彩礼？什么礼！大清亡了，还搁这儿彩礼呢，结婚，爱情不是交易，不是买卖，也就明码标价的买卖，还不是真买到手。,Medium,informal and critical,disapproving and sarcastic,disgusted,"亡, 交易, 买卖, 明码标价, 买到手"
我女的想法和你一样我也对女性有些反感,High,negative,expressive and subjective,discriminatory,反感
这是你该承受的，谁叫你们接受有过往感情经历的人的,Medium,accusatory,informative,disapproving,"该承受, 谁叫"
为了利益协助美国的忠实的人，中国砸再多钱也喂不熟,Medium,critical,informative and biased,negative,"砸, 喂不熟"
我认为国内女性都是一群情绪化的人，觉得全世界都得让着她不能惹她,High,informal,assertive,negative,"情绪化, 不能惹"
单方面付出的忠诚的人的自我修养，极端女权主义者越是猖獗他们越觉得应该抓紧讨好，自己卷自己了属于是,High,critical,informal and provocative,negative,"猖獗, 讨好, 卷"
字太多不想看我只想说一句这个女人是失败者,Medium,condescending,informal,negative,失败者
你说的应该是那个人极其崇拜讨好外国人那人看过他所谓言论完全就是典型断章取义,Medium,critical,informative and accusatory,negative,"极其崇拜, 讨好外国人, 所谓, 断章取义"
我同事女朋友和黑人有过接触了，??，他吓一跳，立马去医院，爱就一个字??,Medium,informal,colloquial and emotive,discriminatory,黑人 (Black people)
男同性恋让人感到不适人所共知，让我反感的男同性恋所做人神共愤,High,biased,discriminatory and subjective,hostile,"不适, 反感, 人神共愤"
那我们也有鄙视的自由啊，可以鄙视xx癖就不能鄙视讨好黑人的癖好吗,High,aggressive,derogatory,disrespectful,"鄙视, 癖, 讨好"
黑人翻身逆袭咯？,High,informal,demeaning and discriminatory,negative,"黑人, 逆袭"
日本这次为了不明智的政治正确，所谓修正别人排外的观点。，才搞了一堆混血运动员，这简直是智力有问题。不过日本本身混血比例很低。,High,critical,informative and biased,negative,"不明智, 排外, 搞, 混血运动员, 智力有问题"
我这个失败者都能让拥护黑人的人和他们所崇拜的黑人如临大敌坐立不安，仅仅是我一个而已，可见所谓的“成功人士”是多么的心虚。,High,derogatory and confrontational,informal and inflammatory,resentful,"失败者, 如临大敌, 坐立不安, 所谓的, 心虚"
异性恋里不也一大堆没有自知之明的男性??????,Medium,informal,derogatory,disparaging,没有自知之明
人家反对同性恋不对嘛？你在争论什么？,Medium,confrontational,informational and argumentative,Critical,"反对, 争论"
直男直女日常迫害正常人,Medium,informal,pejorative and accusatory,negative,迫害
我认为那些自我感觉过于良好的女性最喜欢非洲酋长的公子哥们了，还喜欢主动与他们接触倒贴??,High,derogatory,informational and biased,offensive,"自我感觉过于良好的, 倒贴"
不对 都故国了外国人就别来趟浑水了?????? 去搂好你的黑人北鼻别来国内发表极端性别言论??,High,confrontational,aggressive and derisive,hostile,"浑水, 黑人北鼻, 极端, 性别言论"
这个让我反感的女性乱说话而已，不用搭理她，毕竟听不懂别人讲话，让她付出一定代价就行了[表情],Medium,dismissive and dismissive,casual and derogatory,hostile,"反感, 乱说话, 不用搭理, 付出代价"
才10年，这个国内女性就该直接付出巨大的代价,Medium,judgmental,casual,critical,巨大的代价
所以我为啥要在乎白种人的歧视呢？我生活在中国呀,Medium,dismissive,colloquial and subjective,indifferent,歧视
托什不是黑人吗？怎么帮那人追随的人还会被他攻击,Medium,curious,colloquial and questioning,confused,攻击
单方面付出的卑微的人让他付出代价就行了，杀鸡儆猴么，一个单方面付出的人不死，其他单方面付出的人怎么觉醒？,High,aggressive,offensive,hostile,"卑微, 代价, 杀鸡儆猴, 死"
学校把这些让我反感的外国人招进来，所以也要承担相应的后果！,High,aggressive,critical and derogatory,hostile,"反感, 后果"
正三观，先要保命要紧，我认为黑人女性一般都是比较开放的。健康问题能解决？,Medium,informative,neutral,biased,我认为黑人女性一般都是比较开放的
关键是有的男同性恋他还骚扰你，刚刚差点让一个男同性恋亲了，再有下次老子让他付出代价，我这不是感到不适，是讨厌,High,aggressive,informal,hostile,"骚扰, 付出代价, 讨厌"
在有些轻浮女性的眼里，这也比国内男性好得多,Medium,derogatory,judgmental,negative,轻浮
直男直女的瓜真是太香了哦，吃不完了,Low,casual,colloquial,light-hearted,none
所以我劝如果男人脑子不太聪明分不清行为不检点的女性和良女的话，那就自律一点，不要婚前性行为，也不要婚后嫖娼 这样百分百没有病,High,informal,derogatory,judgmental,"脑子不太聪明, 行为不检点, 嫖娼"
我觉得大部分人都是图个新鲜感，甚至有些人网络上说自己支持同性恋，在大街上看到两个大叔搂搂抱抱甩出一句好让人不适。,Medium,informal,opinionated,negative,不适
深柜竟在反对同性恋者群体中被发现,Medium,neutral,informative,critical,深柜
是的，通常只求这样的男女跟黑人出国，不随意生孩子留在国内造成影响，其他一点不在乎，毕竟是自然选择，智力水平也般配,High,derogatory,biased and discriminatory,negative,"只求, 黑人, 不随意, 造成影响, 自然选择, 智力水平"
先解决孩子安全问题再说吧，****是人尽皆知的,Medium,informal,critical,dismissive,人尽皆知
还有人说黑人是人？,High,disdainful,informative and biased,derogatory,"黑人, 不是人"
阿哲，好像陈浩民张卫健吴彦祖古天乐尹正他们的帅我挺欣赏的，至于现在的行为或特征表现得女性化的男性，对不起那些女权主义者拿这些行为或特征表现得女性化的男性当例子还说人家嫉妒，真是笑大牙了,Medium,informal,conversational and critical,dismissive,"对不起, 嫉妒, 笑大牙"
你们同性恋为什么不收敛一点，我们看着觉得产生不适,High,disparaging,offensive,hostile,"同性恋,不收敛,不适"
楼主别理会这个让人反感的女性,Medium,dismissive,colloquial,negative,反感
加速是好事，而且别人本来就没打算征求你的意见。把女的捧得越高越好，特权群体越是会被讨厌，单方面付出的人那么多还没清醒过来呢。,Medium,negative,informative,cynical,"没打算, 讨厌, 单方面付出, 清醒过来"
女人说：“换了本仙女就不可能找到更好的了”。男人说：“这是编出来给卑微男性心理安慰，好让卑微男性去讨好去接盘的”。,Medium,conversational,informal and dismissive,critical,"卑微, 讨好, 接盘"
男生是正常人反应，女生是心理不成熟的成年人,High,discriminatory,opinionated,biased,不成熟
你这个让我不喜欢的广东人，黑河南、黑北方的总部是广州，核心地带是从上海到广州的整个东南沿海，范围是整个南方,High,offensive,accusatory,disdainful,"黑, 不喜欢"
你们不值得我同情罢了，雪崩之时没有一片雪花是无辜的,Medium,condescending,figurative,dismissive,"不值得, 无辜"
看头像还是个对儿童感兴趣的男同性恋者，真不嫌磕碜，让我感到不适。,High,derogatory,informal and biased,hostile,"磕碜, 不适"
以后极端女权主义者让单方面付出的卑微的人买车给她们开就行了，货拉拉顺风车什么的一概不接女乘客,High,aggressive,derogatory and judgmental,hostile,"极端, 卑微, 不接女乘客"
带着你的家人移民非洲吧！还有无底线包容他人的爱……,Medium,sarcastic,informative and critical,negative,无底线包容
他们有立体防御机制，这样的也会被说成同性恋捏,Medium,informal,colloquial,disapproving,同性恋
这样品行不好的黑人严惩不贷,High,aggressive,hostile,discriminatory,"黑人, 品行不好, 严惩不贷"
别发表关于性别的极端言论攻击到自己人了，极端男权主义语录就是个黑人发明的??,High,informal,critical and aggressive,negative,"极端, 攻击, 黑人, 发明"
正什么歪成什么样子了都是群满嘴道德仁义的让我反感的人在搞笑,Medium,informal,sarcastic and critical,negative,"反感, 搞笑"
让我不喜欢的女性是这样的,Low,informal,neutral,negative,不喜欢
寒国割裂的今天、我们最需要团结和理解。没人想成为韩国人那样（笑）,Medium,informal,biased and suggestive,derogatory,"割裂, 嘲笑"
一堆没有自知之明的美女还能有老公啊,Medium,dismissive,informal and critical,negative,没有自知之明
極端女權主義者和正常女權的區別就在於前者只會在網上噴無用的話，後者付諸實踐並證明男性能夠做到的事情女性也可以,Medium,comparative,assertive and critical,derogatory towards a group,噴無用的話
必须让我不喜欢的黑人付出代价！！！,High,aggressive,hostile and accusatory,hatred,"不喜欢, 付出代价"
我认为同性恋都得付出代价,High,critical,subjective and judgmental,disapproving,得付出代价
单亲妈妈熟悉的剧情，有些不明智的人被淘汰的话不值得我同情。,Medium,informal,subjective,unsympathetic,"不明智, 淘汰, 不值得"
成功把直男/被gay掰弯是种怎样的体验？这里的就很让人感到不适了,High,informal,derogatory and offensive,negative,"掰弯, 不适"
我有个发现，大部分反对同性恋的人很少有支持吃狗肉的，可能它们觉得一边反对同性恋一边支持吃狗肉显得很分裂。可我不同，我觉得同性恋很让人不舒服，但支持吃狗肉。,Medium,informal,opinionated and subjective,controversial,"反对, 不舒服"
和部分男同性恋一样，很难辨别性别,Medium,informal,informative,insensitive,"难, 辨别"
和中国思想有什么关系。。我没懂事的时候小学女同学拿班里的男同学和我开情情爱爱的玩笑我就觉得很不适了，我个人生理排斥男同,Medium,informal,descriptive and personal,discomfort,"不适, 排斥"
民主党搞的和平演变路线，说白了就是葵花宝典，美国国内现在也是一堆这些破事儿，把自己切了让别人死。典型的又不明智又坏。,High,critical and accusatory,informal and derogatory,negative and hostile,"搞, 破事儿, 切了, 死, 不明智, 坏"
但为什么在别的地方那个让我反感的女性可以讲出来这些话？,Medium,questioning,informative and neutral,negative,反感
我认为让我反感的女性需要被惩罚,High,hostile,aggressive,negative,"反感, 惩罚"
这是个让我非常反感的人,Medium,disapproving,informative and neutral,negative,反感
又不给做绝育又无底线包容只能让流浪猫越来越多都成生态杀手了,Medium,critical,informative and emotive,disapproving,"无底线包容, 生态杀手"
这种问题我也不知道该咋说了，就像我觉的阿莱克丝塔萨漂亮，可是偏偏有人觉得浩克漂亮。。有些男同性恋属于后者。。,Medium,informal,conversational and somewhat derogatory,opinionated,"偏偏, 属于"
我也是不理解，到底哪来的这些奇怪的人,Medium,questioning,informative and critical,confused,奇怪
来看看这个男同性恋的光荣事迹,Medium,informal,subjective,casual,男同性恋
变她个什么，拒绝单方面付出的卑微的人从我做起,Low,assertive,informative,motivational,卑微
去B站看看，某位让我反感的女性诬陷好人猥亵，黑框眼镜男性替这位女性出头，远离诬陷他人的女性，今日朱军，明日诸君,High,accusatory,derogatory and judgmental,hostile,"反感, 诬陷, 远离"
真是外国女性总是那么迷之自信准确来说并不是让我反感的外国人及其它们后代混血儿是为了利益协助犹太人的忠实的人深入到中国的各行各业才是真事,High,offensive,derogatory and biased,negative and accusatory,迷之自信 让我反感 为了利益 协助犹太人 忠实的人
急了，想要黑人了,Medium,offensive,colloquial,negative,黑人
??xs有些国内女性谈贡献就要开始弱者表演，享受好处就要平分，分到了还要和黑人骂无声贡献的国内男性不觉得自己很让人感到不适么？,High,derogatory,informative and negative,hostile,"弱者表演, 黑人, 骂, 无声贡献, 不适"
楼主这讽刺太有力度把崇洋族和外国人及其它们后代混血儿描写淋漓尽致,Medium,critical,informal,negative,"讽刺, 崇洋族, 混血儿"
比如在父母面前抽烟的不孝行为,Low,formal,informative and critical,disapproval,不孝
看了那么多回答，没看到因为说害怕艾滋，搞不懂，男人娶黑人女性白人女性好像他们就没啥意见了，女人和黑人男性白人男性交往，他们反应好大，看不懂,Medium,informal,critical and judgmental,skeptical,"害怕, 搞不懂, 反应好大"
哈哈哈，自我感觉过于良好的女人的事要你们管,Medium,sarcastic,colloquial,dismissive,自我感觉过于良好
真是非常矫情,Medium,critical,casual,negative,矫情
这就是让我反感的女性正常人谁和国内男性结婚啊,Medium,informal,derogatory,negative,"反感, 正常人, 国内男性"
所以大家要团结起来对付这帮言语攻击他人的地域黑，而不是黑不到自己时就成为帮凶??,Medium,confrontational,colloquial and assertive,critical,"地域黑, 言语攻击, 帮凶"
在所谓“自立自强”中走向极端，然后彻底反智。管中窥豹，略见一斑，权拳二象性实乃真知灼见PS：素材来自吧中某帖一个破防的极度强调女权的女性的主页，欢迎感兴趣之人同去查找相关内容?,Medium,critical,informative and slightly derogatory,condescending,"极端, 反智, 破防, 极度强调"
我个人认为黑东北的百分之九十是“好客山东” 见不得中国好的是美国人日本人 见不得东北好的是山东人,High,assertive,colloquial and biased,negative,"黑, 见不得"
请让我恶意的揣测下这是什么让我个人不认同的审美,Medium,negative,informative and subjective,disapproval,"恶意, 揣测"
你要坚持自己的想法，因为我也觉得同性恋很让我感到不舒服，永远都不可能改变，太让我不适了,High,hostile,informative and negative,disapproval,"不舒服, 不可能改变, 不适"
看来你就是答主说的那类人了吧，??以后分手了再找要提及你找黑人的历史哦,Medium,dismissive,informative and neutral,critical,黑人的历史
还说什么中国男人配不上中国女人的不实言论，真是带出一个好节奏，全球家庭暴力也好，情侣矛盾也好，都是普遍存在的现象，而不仅仅是中国人的问题，真是离谱！,High,angry,informal and critical,frustration,"不实言论, 离谱"
你说的也对，有些让我反感的黑人确实是这样，有一个不嫖是弄完不给钱，就不算。你得出这个结论应该是这个行业的吧??,High,derogatory,colloquial and biased,discriminatory,反感、黑人、不嫖、不给钱
求个中外哲学家评论令人厌恶的女性的图,High,informal,negative and judgmental,hostile,令人厌恶的女性
得到相应的权利就要负责，我不反对女人独立。但是不能盲目发表极端女权主义言论。毕竟我妈也是女人。现在风气都被极端女权主义者带坏了。真就是让我非常反感,Medium,informal,opinionated and judgemental,negative,"盲目, 极端女权主义, 带坏, 反感"
别结束啊，别当驴啊这位让我反感的女性独立女性啊,Medium,informal,critical and derogatory,negative,"驴, 反感"
同性恋真让我感到不舒服,Medium,negative,informative and subjective,discomfort,不舒服
只要这女的以后不带着个黑人混血儿来欺诈国内彩礼钱，谁管她,High,derogatory,informal and biased,disapproving,"黑人, 欺诈, 彩礼钱"
离我远一点，行为不检点的人,Medium,hostile,direct and confrontational,negative,行为不检点
**cr，一个二次元网站引流一堆让人反感的女性把环境都搞臭了，以后大会员一天也不充了,High,aggressive,informative and opinionated,negative,"让人反感, 把环境都搞臭了"
既得利益者可真是笑死我了，得利的也就少数上流社会，我认为底层打工人过得还不如女性性工作者,High,sarcastic,informal and critical,negative,"笑死我了, 底层, 还不如, 性工作者"
谁不知道吴施蒙，谁和与黑人有过感情经历的女人交往就是本应该的。,High,disrespectful,informal and derogatory,judgmental,"黑人, 感情经历"
有些黑人就是让我反感，贪心又不懂得感激,High,informal,derogatory,negative,"反感, 贪心, 不懂得感激"
哎呀，我不是男同，我也觉得恶性，那我是不是和你一样也是男同,High,dismissive,colloquial and informal,sarcastic,恶性
我们国家很好啊，就是有些轻浮女性，素质不高的人那是少数，和国家有什么关系？国家让你便宜了？,Medium,informal,criticizing and accusatory,negative,"轻浮, 素质不高, 便宜"
一不小心把自我感觉过于良好的女性整破防了，看来网络上脾气巨大的公主基本都是这样的,Medium,informal,derogatory and dismissive,condescending,"自我感觉过于良好, 破防, 脾气巨大, 公主"
我认为一切男同性恋都要付出代价,High,judgmental,discriminatory,negative,付出代价
说的什么东西，他爹咋了？,Medium,critical,colloquial,disapproving,"东西, 咋了"
这就网上的极端的性别平等倡导者吗，我吐了,Medium,informal,expressive and sarcastic,disgust,"极端, 吐了"
好像原来看过这个视频而这个视频就非常细致的讲述让我反感的外国人及其他们的后代混血儿是如何慢慢变得让我不喜欢的与озеленение全球更为细致讲述法国和英国是如何变得让我不喜欢的,High,critical and resentful,informative yet biased,negative,"反感, 不喜欢"
凭那句你您不好看，极端女权主义者就已经炸了，直接拿出包里的刀开始暴金币了,High,aggressive,informative and emotional,violent,"不好看, 极端女权主义者, 炸了, 拿出, 刀, 暴"
我说的是，有位自我感觉过于良好的女性她求分享，楼主不理她，她就开贴引战，还带了单方面付出的追随者来。,Medium,judgmental,colloquial and informal,negative,"自我感觉过于良好, 引战, 单方面付出的追随者"
微博不明智的让我不喜欢的失败者女性是这样的,High,derogatory,informal and pejorative,negative,"失败者, 不喜欢的"
果然只有某些让我不喜欢的黑人才能干出来,High,derogatory,offensive,prejudiced,"黑人, 不喜欢"
在一些聊天交友软件，或者游戏里装成女的，骗单方面付出的人的钱，这事我以前都干过发现单方面付出的人简直精虫里没一点脑子,High,offensive,colloquial,derogatory,"装成女的, 骗, 精虫里没一点脑子"
后面改成黑人也算人??,High,disrespectful,informal and derogatory,offensive,"黑人, 算人"
我难以想象真有人想和某些自我感觉过于良好的女性结婚,Medium,critical,informal and dismissive,negative,自我感觉过于良好的
跟本不可能的事你在这杞人忧天啥，别看几个新闻就以为国内女性都是讨好崇拜黑种人的了，,Medium,dismissive,colloquial and accusatory,negative,"杞人忧天, 讨好崇拜黑种人"
有空发这个不如去讨好你所崇拜的黑人,High,derogatory,casual and offensive,disrespectful,"讨好, 崇拜, 黑人"
行行行，中国男人媚外世界第一，国女世界第一优秀。反正被权威组织点名讨好外国人的，国女那可是头一份啊。你们继续发表极端性别平等言论，我们继续“媚外”谁也别耽误谁。??,High,sarcastic,informal and colloquial,hostile,"媚外, 极端性别平等"
我觉得也不是黑人的问题，女人结婚时候不是处女我个人就接受不了，跟他以前有什么族的男朋友没关系。因为我是处男,High,judgmental,subjective,discriminatory,"黑人的问题, 不是处女, 接受不了, 以前有什么族的男朋友"
拿着一张p的图在这里不切实际地幻想，有些同性恋是不是有臆想症。,High,informal,derisive and judgmental,disrespectful,"不切实际, 幻想, 同性恋, 臆想症"
有趣的事，这些女性都是坚定的极端女权主义者??,Medium,sarcastic,informative,negative,极端
你是没看见shanheling，那个更让人感到不适,Low,casual,informative,mild criticism,不适
其乐无穷，老子高兴，与你无关。,Medium,casual,informal and assertive,dismissive,老子
杨圣母出来让全体男性感到不适的时候怎么看不到它站出来,Medium,critical,informal and accusatory,disapproving,不适
这个让我反感的黑人很不顾羞耻的，很难搞。老是相同几句不停地回复我。有一个老是拿让人不适的话回复。我猜想他们认为这样就能赶走我,High,derogatory and accusatory,informal and offensive,hostile and discriminatory,"反感, 黑人, 很不顾羞耻, 很难搞, 让人不适"
没心气管了，上次外国人永居我尽力了,Low,informal,informative and personal,resigned,none
我们南方某些人是除了自己和精神故乡谁都黑，要不你把祖籍报过来河南人还是川渝人我保证能给你安上一个（不会是台湾人吧，那除外）,High,provocative,conversational and informal,hostile,黑
最后两张是肥胖的人,Medium,neutral,informative,casual,肥胖
不听老妈实话整容，信路人化妆，这位让我不喜欢的女性智商可以的,Medium,sarcastic,informal and critical,negative,"不喜欢, 智商"
这……确实挺可爱啊，从面相来说就比那些不符合我个人审美的极端女权主义者和善多了，而且人家也没什么错吧，恶意攻击不可取，别真和微博一样了,Medium,informal,conversational and opinionated,casual,"极端女权主义者, 恶意攻击"
去非洲就行，那里有酋长,Medium,informal,casual,dismissive,酋长
来康康你所崇拜的黑人,Medium,informal,colloquial and mocking,disrespectful,崇拜
说得好听，你们别赶上去倒贴黑人啊,High,informal,derogatory and aggressive,negative,倒贴黑人
有钱的少数民族自然惹人记恨,High,provocative,discriminatory,negative,惹人记恨
能不能回复啊，笑死了，没见过这么嘴硬小胆的人，是不是待会还要自己精神胜利一把说我不屑于和你说话啊,High,confrontational,sarcastic and accusatory,hostile,"嘴硬, 小胆, 精神胜利, 不屑"
她们被外国人羞辱了，国男愤怒受不了罢了。国女被好好对待，没人会反对,Medium,informal,provocative,defensive,"羞辱, 愤怒, 受不了"
建议自我过于感觉良好的女性加大力度，最好见面就得送一万元的东西，这样单方面付出的卑微男性保证消失?,High,derogatory,informative and critical,disparaging,"过于感觉良好, 卑微, 消失"
有位让我不喜欢的女性进来啦,Low,neutral,informal,dislike,不喜欢
三个吧都没了，她们真失败,Medium,critical,colloquial,negative,失败
黑人都是让我有些反感的人,High,negative,informative,discriminatory,反感
看那些疯狂的人干什么，天天睡在自己的幻想乡里，动不动把人攻击伤害,Medium,informal,condemnatory and critical,negative,"疯狂, 攻击, 伤害"
只希望她们去别的国家，不要在中国，华夏的土地不能被某些让我反感的黑人带来不良影响,High,disparaging,derogatory,xenophobic,"反感, 不良影响"
令我反感的女性这智商也是服了，自己妈妈说大实话不听，听网上的人吹牛逼,High,informal,derogatory and aggressive,negative,"反感, 智商, 吹牛逼"
主页整天搁那和不同的白男yy，就算你真的那么有钱也不妨碍你行为不检点,High,informal,derogatory and judgmental,critical,不检点
那你倒是嫁过去啊，在中国生活算怎么回事啊,Medium,informal and condescending,colloquial,dismissive,none
急了，某些法西斯急了，还说我是黑人的忠诚拥护者，23333，某些fxs，够了?,High,accusatory and sarcastic,colloquial and disrespectful,hostile,"法西斯, fxs"
下策囧你打草惊蛇，以后她就会隐藏喜欢黑人的想法，变成一个意想不到的因素[蹲],High,informal,informative,negative,"下策, 囧, 打草惊蛇, 隐藏, 意想不到"
是某些男权主义者定义宠女人的男人为狗，什么叫喜欢当狗。,Medium,derogatory,informative,critical,狗
可别了，正常女的也会对极端女权主义者感到不适的，起码我身边受过高等教育的女性都觉得极端女权主义者不明智,Medium,informal,opinionated and dismissive,critical,"不适, 不明智"
连个正式关系都没有就嫌红包小，这和在网络上乞讨的人有什么区别？,Medium,accusatory,informative and critical,sarcastic,"嫌, 乞讨, 区别"
可是为什么图上都是男的？难道是因为让我反感的女性不够明智说话毫无公信力吗,Medium,questioning,provocative,skeptical,"反感, 不够明智, 毫无公信力"
我也对黑人有所偏见啊，咋滴,High,informal,conversational and discriminatory,negative,偏见
政策，看个足球赛是产生争议的大战，山东人，东北人，什么都有。,Medium,mixed,colloquial,negative,"争议, 大战, 东北人"
作为一个gay，我不觉得这种态度有什么问题啊……这篇回答简单说就是：你爱说什么你就说，和我无关。,Low,casual,informative and neutral,nonchalant,none
一些轻浮的女性喜欢，我们也没办法。老实人还是祈求以后不会娶到和黑人接触过的轻浮女性吧，毕竟房车彩礼不是那么好赚的,High,informal,discriminatory and derogatory,negative,"轻浮, 黑人接触过"
原来是个让我个人感到反感的男同性恋,Medium,subjective,informative and negative,negative,反感
超过西周？？？我说是乱讲。西周早就发明文字了，黑人什么时候有过文字？我认为到现在还有原始社会。,High,discriminatory,prejudiced and offensive,derogatory,乱讲 黑人 原始社会
真的是快要超出我的承受力了，这位女性这么让人产生不适的？,Medium,emotional,informative and negative,negative sentiment towards the individual,产生不适
为什么不发中国的研究？反对同性恋的是部分中国人,Medium,inquisitive and accusatory,informative and opinionated,critical,反对
极端女权主义者和黑人。导致艾资的也可能存在,High,discriminatory,offensive and prejudiced,negative,"极端, 黑人, 导致艾资"
看起来那就是一个失败的让人反感的营销号。,Medium,informal,critical,negative,"失败的, 反感的"
这种男的被背叛是不值得同情的,Medium,judgmental,critical,negative,不值得同情
一眼真，也就令我不满的女性能干得出来这种事,Medium,critical,informative and critical,disapproving,"不满, 能干得出来"
上去让这些我不太喜欢的黑人付出代价,High,aggressive,derogatory,hostile,"黑人, 付出代价"
有人认为长得丑就活该被变态骚扰 这种逻辑是错误的,Medium,critical,informative,disapproving,丑 活该 变态 骚扰
大家看到没有本吧吧宠真是能够带给我们无限乐趣原来崇洋族都是这种水平我真是太放心了,Medium,sarcastic,colloquial,dismissive,崇洋族
这么说的一般都是现实中被打傻了吧，跑到网络上口嗨，普通人谁会往性别上去想，互联网实名制就治这种既不明智又坏的,Medium,aggressive,informal and provocative,negative,"被打傻了, 口嗨, 不明智, 坏的"
看看某些男同性恋的不好的行为就知,High,derogatory,judgmental and biased,critical,不好的
单方面付出的人不得**单方面付出的人不得**,Low,neutral,informative and neutral,neutral,none
半年没来之前反感黑人的老哥都不在了，只看到wwewwecao刷屏，说他喜欢黑人吧他又好像钓鱼，说他钓鱼吧又好像讨好黑人,Medium,informal,colloquial and conversational,ambiguous,"反感, 钓鱼"
学校和黑人做得都不太对,Medium,informal,ambiguous,negative,"黑人, 不太对"
国内男性也配碰瓷你黑人大爷啊??,High,derogatory,informative but offensive,contemptuous,"碰瓷, 黑人, 大爷"
是这个dd第二代引起孙吧反对性少数群体？,Medium,questioning,casual,negative,反对性少数群体
上小网站看看视频。个人感觉黑皮肤男性黄皮肤女性一大堆，铺天盖地。但是黑皮肤男性黄皮肤女性相对较少！你喜欢和黑人有所接触是你的事！别扯那么远好吗！,Medium,informal,opinionated and dismissive,disapproving,"黑人, 别扯那么远"
有些穆斯林对吃猪肉的特别感到不适，不爱带面纱的女人也不能容忍......他们的三观出问题了吗？,High,inquisitive,informative,critical,"出问题, 容忍"
这是要把你变成伴侣不忠的人,Medium,accusatory,informative,negative,不忠
我们是成分复杂的多元小群，包括但不限于二次元嘉心糖纯良路人对黑人有负面情绪孙吧,Medium,informal,descriptive and mixed,negative,负面情绪
不会真的有人喜欢外表或者行为有些女性化的男明星吧，喜欢这些男明星的不都是女孩子吗,Medium,dismissive,colloquial,negative,女性化
我认为对同性恋感到反感的一方会思考，撑同方不会思考，看看只有撑同方相信p图造谣我有艾，这只会让人觉得某些同性恋有点不明智,High,judgmental,informative and biased,disapproving,"反感, 不明智"
妥了，这下自我感觉过于良好的女性要买爆了。。人手一箱舍得酒,Medium,sarcastic,colloquial,disparaging,自我感觉过于良好的
那要知道这些女人男人塑造的，不过是男人怕其他男人变成单方面付出的人罢了,Medium,critical,conversational and slightly judgmental,negative,"怕, 单方面付出"
我个人不喜欢同性恋者,Medium,subjective,informal,negative,不喜欢
是的，现实里，男生遇到渣男排挤有限，女生是真的排挤渣女。网络上，男人对渣男渣女都骂，部分女性为渣女洗涤。很多男性眼里的女性就是那些极端女权主义者。,High,judgmental,bias and accusatory,negative,渣男 渣女 极端女权主义者 洗涤 骂
自我感觉过于良好的女性们以看不上的感性理由非常好的掩饰了自己拜金的终极目的，论不尊重女性独立人格还得看自我感觉过于良好的女性自己,High,accusatory,derogatory and critical,negative,"自我感觉过于良好, 看不上, 拜金, 不尊重"
军阀割据占领华夏，分别是：北方人（一般北方人、辽宁、黑龙江）、南方人（被地域歧视的人蔑称为南大人）。北方分裂，南方人赢一局。,Medium,hostile,informative,contentious,"军阀割据, 地域歧视, 蔑称"
之前懒得一般见识的想法都不该有，直接说学校你家开的？座位你私人的？然后她骂你，你直接跟老师反应，说她乱讲话影响你听课了。老师不处理等下课你亲自掀她东西，干就完了,High,aggressive,colloquial and confrontational,hostile,"懒得, 骂, 乱讲话, 掀, 干就完了"
你们的武士道精神呢？一刀劈死****,High,aggressive,informative,hostile,一刀劈死
以前发过什么东西自己忘了是不。删帖倒是删的蛮快和你崇拜的人好像耶,Medium,sarcastic,conversational,critical,删帖
重点是视频里还不是同一个黑人囧,Medium,informal,casual and slightly judgmental,negative,黑人
也就是有钱的闲人才需要。,Medium,sarcastic,informal,critical,闲人
嗯嗯嗯，是不是支持同性恋就不狭隘了？是不是不觉得同性恋让人不舒服就不狭隘了？,Medium,questioning,casual,skeptical,"狭隘, 不舒服"
做什么大冤种哦，人家自我感觉过于良好的女性领情吗,Medium,informal,derogatory and critical,negative,"大冤种, 自我感觉过于良好"
我媳妇也会发表极端女权主义言论！节假日忘记买礼物她生气了，我说我生日你怎么不买给我？结果她更气了，叫我去外面问问是不是所有男的都应该给女的买！??怎么会这样？！,Medium,frustrated,conversational and personal,annoyed,"极端, 生气了, 更气了"
黑河南和北方 较普遍的是西南地区及东北地区 都是一些南方人参与的 他们可能能力有所欠缺 会在网络上破坏民族团结 搞国家分裂 因为他们有着不为人知的优越感！,High,hostile,informative and biased,negative,"黑河南, 能力有所欠缺, 破坏民族团结, 搞国家分裂, 优越感"
你是谁啊，代表全国？,Medium,confrontational,informal,skeptical,none
失足妇女：啧，老娘没那么脏,High,disdainful,colloquial and blunt,defensive,"失足妇女, 脏"
如果不驱除这让我不喜欢的黑人到时候全是这样的黑人小孩说自己是汉人是华夏子孙,High,aggressive,discriminatory and offensive,negative,"驱除, 不喜欢的, 黑人"
这个女人看面相就不是个好人,Medium,informal,judgmental and accusatory,negative,不是个好人
你这个南方人，大凉山欢迎你,Low,welcoming,informative and neutral,positive,none
衡水就是让人感到不喜欢啊，就是没人性,Medium,negative,informal,disdainful,"不喜欢, 没人性"
右边的小老头就是一些让我反感的女性们口中的所谓“高端白人脸”，和我们的胡兵一比，被秒成渣渣，何况是胡兵比这个小老头还大好几岁！！！！还比他皮肤白,High,derogatory,informal and critical,disdainful,"反感, 小老头, 渣渣"
笑到肚子痛了！真想问谁教养他做男同性恋，真让我感到不太合适,High,informal,insensitive and offensive,disapproving,"教养, 男同性恋, 不太合适"
我们有些人对黑人（功成名就的不算）的看法，不就和以前欧美对亚裔的看法一样吗？都当对方低人一等，有各种各样的毛病。大体感觉就是较落后的地方来的没见过世面的人，能配上自己？,High,judgmental,discriminatory,derogatory,"低人一等, 毛病, 落后, 没见过世面"
为啥总有虾爬子一样的二极管？正常化就正常化呗，非要跳出来表示同性恋就是高贵就是先进就是现代化吗？乱讲话,High,derogatory and provocative,colloquial and informal,negative,"虾爬子, 二极管, 同性恋, 乱讲话"
全国黑上海，上海黑安徽，所以被黑的最惨的还是安徽。,Medium,critical,colloquial,negative,"黑, 惨"
收钱说话的为了利益协助作恶的人罢了,Medium,critical,direct and accusatory,negative,"作恶, 利益"
希望他们嫁给黑人以后都去非洲吧，不要待在国内，看着觉得蛮让人不舒服的，让我不喜欢的黑人竟然也有人中国女人愿意嫁也不配当中国人,High,derogatory,informal and aggressive,disdainful,"不舒服的, 不喜欢, 不配"
男同性恋自己心虚,Medium,disparaging,pejorative,negative judgement,心虚
哎，奈何黑人数量越来越多好多。,High,informal,critical and biased,negative,"奈何, 黑人数量越来越多"
哈哈哈 你是揣着明白装糊涂吗 有不少讨好黑人的女性嘲笑国男生殖器小呢,High,mocking,offensive and derogatory,negative,"嘲笑, 生殖器小"
它不是个骗婚男同性恋吗不是直男,High,accusatory,informal and judgmental,negative,"骗婚, 男同性恋, 不是直男"
很好的解释了为什么会出现那么多轻浮的女性的原因，兄弟们怎么看,Medium,informal,conversational and judgmental,negative,轻浮
你们这些从心理到生理都异于其他大部分人点玩意儿有资格说患者，真是让人感到不适呀，你们自己搞搞就算了，还要骚扰身边的人甚至未成年，你们这些与传统观念不符的人不灭何来太平,High,accusatory,derogatory,aggressive,"异于, 玩意儿, 不适, 骚扰, 不符, 不灭, 太平"
我认为喜欢黑人女性的很少很少，你说得绝对是极极个例。,Medium,dismissive,informative and neutral,negative,极极个例
谦虚点，我们国内男性??,Low,neutral,informative,neutral,none
可见外国人及其它们后代混血儿就是墙头草，两面倒当人说人话，当鬼说鬼话从这我们也能窥见外国人及其它们后代混血儿的所谓精英就是贪婪又胆小的类型。,High,aggressive,derogatory and inflammatory,hostile,"墙头草, 两面倒, 贪婪, 胆小"
这种太让我不适了，弄不好国内的与有过感情经历的女性交往的人存在健康问题了，所以对那些来路不明的女性，一定要搞清楚来历啊。,Medium,informal,cautionary and biased,negative,"不适, 健康问题, 来路不明"
是啊！那个都有这些愚昧的奇人崇拜黑人族,High,informal and derogatory,pejorative,negative,"愚昧, 奇人, 黑人族"
有些男性女性看不上?为什么会觉得男同性恋看得上自己??,Medium,questioning,colloquial,dismissive,"看不上, 男同性恋"
单方面付出的卑微的人太多会惯出来这样的,Medium,critical,informative,bitter,"卑微, 惯"
受不了了，同性恋真让我感到不适,Medium,informal,personal and emotive,negative,"受不了了, 不适"
但也不是讨好黑人的女性的中国,Medium,informal,opinionated,defensive,讨好
有几个女的跑网约车？都是男人在跑，他们还得顾家赚钱，哪像这种极端女权主义者除了发表言论啥都不会？,High,"condescending, confrontational",colloquial,derogatory,"极端, 女权主义者, 发表言论啥都不会"
但事实上，大部分都是找个接盘的，这也就罢了，到最后接盘住了，他们还不安生，各种行为不检点，这才是最让人觉得不舒服的,Medium,critical,informative and expressive,disapproving,"接盘, 不安生, 行为不检点, 不舒服"
对不起啊，我先道个歉我是一个耽美读者，那些莫明就磕cp的其实是喜欢bl题材的女性我也不知道为什么欢bl题材的女性那么多我也很反感欢同性题材的女性的。,Medium,apologetic and critical,informative and subjective,negative,反感
说起这点，都会说，你是心理出现问题了啊可是，这本来就是女性的观点。为什么男性就不能穿裙子呢?,Low,conversational,questioning,neutral,问题
立女热搜上一堆，极端女权主义者砂男婴的热搜就往死里压热度，逼乎真有你的，不愧是姓逼,High,aggressive,derogatory and informal,negative,"极端, 砂男婴, 往死里压, 逼乎, 姓逼"
知乎同性恋标签第一的帖子，一群让人不适的人在那里讲如何掰弯别人,High,critical,informative and negative,disapproving,"不适, 掰弯"
这位让我不喜欢的女性天生会pua,Medium,casual,informal and negative,negative,"不喜欢, pua"
全部共同特点：太不符合我个人的审美了,Low,neutral,informative,negative,太不符合
而新移民甚至留学生，作风轻浮天下文明，有些就是为了骗美国国籍的，当然以和白人黑人一起为荣了。,High,derogatory,informative but biased,criticizing,"轻浮, 骗, 作风"
op不明智罢了,Low,informal,colloquial and slightly critical,negative,不明智
急了急了，就会这两句？看你评论全是黑南方的，估计也明智不到哪里去,High,sarcastic,derogatory,critical,"黑, 急了, 估计, 明智不到哪里去"
假的，另外这主播也是个失败者,Medium,informal,derogatory,negative,"假的, 失败者"
所以你和杨笠先分清楚自信和自负的区别再来乱说吧，一个褒义词硬生生被你们这些缺乏知识的人玩成贬义词,Medium,informal,condescending and confrontational,critical,"乱说, 缺乏知识"
四年级的时候我就问过我妈为啥男女平等还会有女士优先这句话出现[表情]四年级的幼年性别平衡倡导者差点被班主任扼杀在摇篮[表情]不过我挺住了现在依旧站在发表极端性别平等言论第一线！,Medium,sarcastic,colloquial and assertive,provocative,"扼杀, 极端"
要是以后我女儿这样我还真会，并且会反思自己为什么教出不明智的人,Medium,concerned,reflective and critical,disappointment,不明智
现环境下这个阵营没有团结就是扯谈，没有团结就算再扯一万句大道理也是没有用，团结始终应该放到第一位，我们需要求同存异。,Low,assertive,informative and neutral,serious,扯谈
霓虹也就80年代初对黑种人有强力管制，现在也不行了，你看奥运会旗手都有黑人了,Medium,informative,casual,critical,强力管制
"我现在生活很不错，但也对黑人和对它们有好感的轻浮的女性有所偏见,离开中国的除外。",High,informal,discriminatory and biased,negative,"偏见, 轻浮"
我特烦一张嘴就这事不关你事的人，管天管地管的着别人怎么看？照你的理论，批判这些人也不关你事啊？你说什么没用的话？,Medium,disapproving and confrontational,colloquial,aggressive,"特烦, 管天管地, 批判, 没用"
我个人觉得同性恋者也不是特别好,Medium,informal,opinionated,negative,不是特别好
把中华城市吧的所有重庆吧友全部说成是我的小号，这个也只有男同性恋才能达到的级别,High,informal,derogatory and confrontational,disrespectful and hostile,男同性恋
原文章主要是反外，而且嘛，核心还是反白。让那帮子崇拜洋人的人的咋活？??,High,provocative,informative,hostile,"反外, 反白, 崇拜洋人"
没有自知之明的女性真恐怖。兄弟们去网络上批评她。,High,condescending,derogatory,critical,"恐怖, 批评"
没有批判跟跟人睡，一直睡都可以，但是睡完不要回来让中国男人感到不适就好。对了补充一句，跟黑人结婚生的子女，绝不可以跟我的后代结婚！,High,informal,discriminatory and offensive,negative,"不适, 绝不可以"
1.造谣2.举报3立牌坊4演无底线包容他人的人5当无条件纵容他人的女性6.复读机7.发生争论,High,hostile,accusatory and inflammatory,criticizing,"造谣, 举报, 立牌坊, 演无底线包容他人的人, 无条件纵容他人的女性, 复读机, 发生争论"
看了几个小品，天天喊着结婚生娃，能不能关注一下别的，黑人不要出现在春晚行不,High,"complaint, discriminatory",casual and negative,disapproving,黑人
男同性恋大多数只会骂一两句就不回，这就是纯种胆怯的人的表现，赞成？赞成,High,informal,derogatory and dismissive,negative,骂，胆怯
看我直接化身贴吧暴躁老哥，直接对双重标准看待事物的男性进行言语攻击,High,informal and aggressive,conversational and negative,hostile,"暴躁, 言语攻击"
出狱了记得带着你的小二嗨一起回到飞舟,Medium,casual,informal and conversational,mocking or sarcastic,"出狱, 小二"
黑人基因太强，此人虽然是黑人混血，但看上去跟纯种黑人并无太大区别。中国女人一旦和黑人交往，所生的崽几代都是黑人混血儿。,High,derogatory,informative but biased,prejudiced,"太强,并无太大区别,纯种,交往,崽"
其实全球所有外国人及其它们后代混血儿精英其实也好不到哪里去它们在全球监狱都有不同案底档案,High,derogatory,informative and accusatory,negative,"外国人, 后代, 混血儿, 档案, 监狱, 案底"
说明一下，我只关爱自己身边的女性，比如老婆女儿等，别的女人与我无关。,Medium,defensive,informative and personal,exclusionary,无关
跟你们男同性恋学的??,Medium,informal,informative and derogatory,offensive,男同性恋
女性就是爱比男性以双重标准看待事物，我个人觉得这句话确实没问题,Medium,formative,informative and neutral,discriminatory,双重标准
你评论区不就有一个吗，经典装理客中装不下去了就开始破口大骂了，或许这就是当代自我感觉过于良好的女性吧??,High,disdainful,colloquial and accusatory,derogatory,"破口大骂, 装理客中, 自我感觉过于良好"
女权背后发表极端性别言论替美国人办事的让人不喜欢的人可不少，把黑人娶进来的咋不说呢,High,accusatory,informative and biased,negative,"极端性别言论, 不喜欢, 黑人"
人人平等，为什么你眼中你所崇拜的黑人就高人一等？,Medium,questioning,critical,frustration,高人一等
关于黑人，和黑人接触的让我不喜欢的女性岂是国内男性可以高攀的??????,High,discriminatory,derogatory and provocative,contemptuous,"黑人, 不喜欢, 高攀"
但是我们要“理解”男同性恋者，因为我觉得他们在现实生活中活得太憋屈了，他们之所以把别人先禁言了又去麻人，就很好的证明了这一点，他们需要发泄，但是又害怕看到那些回击他们的内容，所以只能如此,Medium,empathetic,informative and mildly biased,sympathetic,"憋屈, 麻, 害怕"
不按照极端女权主义者预定的轨迹和套路行事，大概率被极端女权主义者成为没有自知之明的人,Medium,critical,derogatory,dismissive,"极端, 没有自知之明"
我做不了吧主。我个人对黑人有负面的情绪。,High,informative,neutral,negative,负面的情绪
见过不少男同性恋就是这样理论的支持者，实际上在我看来他们其实是最自私的群体。又不明智又坏，他们除了可以骗女人和年幼无知的小孩，没人信他们。,High,judgmental,derogatory,hostile,"自私, 不明智, 坏, 骗, 年幼无知"
同意楼主的说法要像当年五四青年组织起来向大众发传单同时让越来越多人们如今弓澢真负真实嘴脸他们不过犹太人的忠实帮手和崇拜外国人的人,Medium,assertive,formal,criticism,"弓澢真负真实嘴脸, 忠实帮手, 崇拜外国人"
万一他就是黑人了,Medium,informal,speculative,negative,黑人
他来啦，吃香蕉，身材矮小的人,Medium,informal,casual,derogatory,身材矮小
韦小宝他妈都不接触外国人,Medium,informal,conversational,discriminatory,不接触外国人
你说对了，我就是对黑人有所偏见啊??,High,informal,colloquial,negative,偏见
这种东西都能照做的不知道是没脊椎还是没脑子，不怕一万就怕万一，万一老婆是个自我感觉过于良好的女性....,High,derogatory,colloquial and critical,hostile,"脊椎, 脑子, 不怕一万就怕万一, 自我感觉过于良好"
成天带妹的单方面付出的人能不能*啊,Medium,frustrated,colloquial,critical,none
对这帮不明智的狂热信徒进行猛烈的言语攻击,High,aggressive,hostile and provocative,condemnatory,"不明智, 狂热, 攻击"
想想都后怕，幸亏当年放弃去非洲发展，没有迈出意识层，了解黑人事关生死！,High,fearful,informative and negative,prejudiced,"后怕, 黑人, 生死"
微博的自我感觉过于良好的女性都在说求你们男性都清醒，放过我们吧。,Medium,argumentative,colloquial and informal,frustration,"自我感觉过于良好, 清醒, 放过"
请各位新来的不喜欢同性恋的人注意！,Medium,formal,directive,warning,不喜欢
"都是原干的,极端女权主义者跟原比起来算什么",Medium,aggressive,informal and confrontational,disdainful,"极端, 算什么"
你那个性别要不要先改一下??极端女权主义者不都喜欢冒充男的说话吗??,High,mocking and accusatory,informal and confrontational,provocative,"极端女权主义者, 冒充"
你可真厉害你所崇拜的黑人把曾经白人建设无比繁荣辉煌南非毁了同时又跑到这来大谈引进外国人及其它们后代混血儿的理由对于你这点居心叵测的小心思我早已看透,High,sarcastic and accusatory,derogatory and insidious,negative,"毁了, 居心叵测, 看透"
疑罪从无什么也不是,Low,informal,critical,negative,也不是
不用谢，我也是为了自己利益着想w一是多一对幸福的男同性恋者就少两个同妻，二是容不下LGBTQ的保守主义社会同样容不下hentai play。作为一个绅士魔法师，我觉得我的逻辑是完美自恰的ww,Medium,sarcastic,colloquial and humorous,cynical,"容不下, 保守主义社会, hentai play"
那些女性，真让我反感，这个词作为对男性精神控制的东西，解释权只能在自我感觉过于良好的女性手上。,High,derogatory,informal,negative,"反感, 自我感觉过于良好"
这个吧的吧名简洁明了，一看就懂,Low,neutral,informative and neutral,positive,none
对对对，都是自我感觉过于良好的女性，自我感觉过于良好的女性没有错，都是中国男人的错，中国男人应该灭绝！,High,hostile,accusatory and aggressive,angry,"灭绝, 错过, 自我感觉过于良好"
老外付1％的责任，某些国内女性付99%责任呗，那老外1％责任在于自己掏钱买的机票，自己办的签证，而不是某些国内女性帮他们买机票，办签证,Medium,sarcastic,informative and critical,disdainful,"责任, 呗"
我认为和黑人结婚生的混血儿都应该让他们付出代价,High,disparaging,opinionated,hostile,付出代价
有些令人不喜欢的人带风向是一回事，女性群体中一部分跟那些人走那是另一回事??你觉得呢,Medium,conversational,informative and critical,critical,令人不喜欢
这玩意不是某个不明智的男同性恋者搞出来的吗,High,derogatory,informal and offensive,hostile,"不明智, 男同性恋者"
是不是吧里这些不明智的贴都是阿娜发的？,Medium,questioning,informative and slightly accusatory,critical,不明智
开始什么样。最开始的早就被他自己删光了吧好一个表面纯洁实则阴险的人,Medium,critical,informative,sarcastic,阴险
请视说这种人为不明智的人,Medium,formal,instructive and neutral,disapproving,不明智
有很多种原因，我认为黑河南、黑北方的都是南方人,Medium,opinionated,informal,critical,黑
在网络上哗众取宠的人能出来说一说你的背景信息吗,Medium,sarcastic,informative and neutral,disrespectful,哗众取宠
原来ln的受众是让我反感的女性啊,Medium,informal,conversational and somewhat dismissive,disapproving,反感
艾滋，滥交，犯罪，吸毒贩毒，粘上一样非死即伤。有交往就有潜在风险，大家都是正常人，趋利避害是本能。希望大家努力，打击某些让我不喜欢的黑种人的生存空间，让社会光明一点。,High,aggressive,derogatory and biased,hostile,"艾滋, 滥交, 犯罪, 吸毒, 贩毒, 非死即伤, 打击, 不喜欢, 黑种人"
这些心理不成熟的成年人都是惯出来的毛病。,Medium,disapproving,informative,negative,"心理不成熟, 毛病, 惯出来"
我是女生，我也是这样。但是对同性恋有负面情绪其实给我造成很大的困扰，因为耽美文学和喜欢耽美题材的女性太多了，到处都能看见，导致我都不想打开社交平台了！,Medium,neutral,informative and personal,frustration,"负面情绪, 困扰"
毕竟还有恋性病癖，恋艾滋病癖，答主你说对吧，，，这个不是个人自由那么简单了，是这个原因需要批判的讨好黑人的行为。否则那些让我反感的人把病都留在中国了,High,critical,informal and confrontational,negative,"恋性病癖, 恋艾滋病癖, 讨好黑人的行为, 让我反感"
别跟我在这整些有的没得 言论自由 思想自由 你可以是同性恋 我可以觉得同性恋让我感到不舒服 咱谁也别膈应谁 不用再回我 不想跟你们这类人沟通,High,dismissive and confrontational,colloquial and informal,disapproving,"整些有的没得, 让我感到不舒服, 膈应, 你们这类人"
发表极端性别言论争论输了你就开始生活不如意警告了？古墓派极端性别平等倡导者了属于是,Medium,informal and confrontational,sarcastic and critical,negative,"极端, 争论输了, 生活不如意, 警告"
它和广大极端女权主义者全体付出代价估计大伙就能原谅它们了,Medium,disparaging,informative and critical,cynical,"极端, 代价"
你把单方面付出的和卑微的男性放到这个行列里可还行，自娱自乐真好玩,Medium,sarcastic,informative,negative,卑微
跟国内外有什么关系?生理上不舒服，基因里的东西都能扯到国家??,Medium,questioning,informative and neutral,critical,"不舒服, 扯"
黑人太让我感到不舒服了，受不了??,High,derogatory,informal and offensive,discriminatory,"黑人, 不舒服, 受不了"
单方面付出的卑微男性比极端的性别平等倡导者更可恨,High,hostile,accusatory and critical,negative,"卑微, 可恨, 极端"
不就是想制造多点单方面付出的人,Low,informal,informative and neutral,critical,none
不在中国地盘繁殖混血黑人后代，一切都好,High,informal,discriminatory and divisive,exclusionary,"混血, 黑人"
中国男性就是被五千年的文化糟粕绊住了手脚。你看极端女权主义者一点儿传统不讲。凭啥男人还要跟她们讲传统？负责任？养家？彩礼？不，这一点儿都不国际化。,High,dismissive,critical and accusatory,negative,"糟粕, 極端女權主義者, 不讲, 不負責任, 不国际化"
极端女权主义者应该把他自己和女性有所区别,Medium,critical,informative,negative,极端
民主党搞的和平演变路线，说白了就是葵花宝典。现在美国国内也是一堆女权主义、重视黑人生命的政治正确。把自己切了让别人死。典型的又不明智又坏。但是你不防还真不行。不防真容易死。,High,aggressive,informative and critical,negative,"搞的, 切了, 让别人死, 又不明智又坏, 不防, 容易死"
这问题让我明白为什么男同性恋在唐山不会被打。男同性恋感染艾滋病原来是****！,High,informal,offensive and biased,derogatory,"男同性恋, 感染艾滋病"
行行行，女的都是爱八卦的女性，男的从不八卦，男的看娱乐新闻都会立刻付出代价，不然就是没有男子气概??没有自知之明的男性值得骄傲，值得赞扬，您满意了吗??,High,sarcastic,opinionated and biased,critical,"行行行, 女的都是爱八卦, 男的从不八卦, 立刻付出代价, 没有男子气概, 没有自知之明"
极端仇视男性群体的成员，希望家人们留意！,High,aggressive,informative and alarming,hostile,"极端, 仇视"
轻浮的女性懂？无缘无故扣这个帽子？崇媚洋外中国好像很普遍，某些大学一年十几万几十万请连汉字都不认识多少的“高材生”？国内211随便挑几个会比这种人差？,High,aggressive,informative and critical,disdainful,"轻浮, 崇媚洋外, 高材生, 无缘无故"
老是以双重标准看待事物的人了,Medium,critical,informative and neutral,disapproving,双重标准
极端女权主义者真是典中典?,Medium,informal and sarcastic,derogatory and accusatory,negative,"极端, 典中典"
极端女权主义者就这？,Medium,dismissive,informal and critical,negative,极端
前有慈禧的宁予蛮邦不予家奴，后有老猫的中国人没饭吃也得让越南，韩国，阿尔巴尼亚吃饱的友邦论，可谓上梁不正下梁歪，遗毒甚远,High,sarcastic,informative and critical,hostile,"蛮邦, 家奴, 没饭吃, 上梁不正下梁歪, 遗毒"
令我不适到家了！,Low,informal,subjective and emotional,negative,不适
个人认为男同性恋对社会的贡献不如一个长相不佳的直男工程师,High,derogatory,biased and discriminatory,negative,"男同性恋, 不如, 不佳"
要是我周围朋友出现个和黑人交往的直接拉黑不用再见了??毕竟我怕哪天把我也拉下水,High,informal,derogatory and biased,hostile,"拉黑, 拉下水"
你这个奇怪的人，真让人感到不舒服,Medium,hurtful,informative and negative,critical,"奇怪, 不舒服"
你说得挺对，但也很废话。你看现在反感黑人的哪个有权力？你有权力吗？现在就是真正有权力的还助邹为虐,High,aggressive and dismissive,derogatory and confrontational,hostile,"废话, 反感黑人的, 助邹为虐"
过分地吹捧致其失败操作起来比较容易，顺着她说就完事了,Medium,negative,casual and informal,critical,"失败, 操作容易, 顺着她说"
选择器喽，个人认为那些找黑人的女人的智商水平，社会责任感和价值观显然不配和正常的国人哺育正常的后代??可惜就是有人爱与这样的女人继续交往??,High,offensive,derogatory and prejudiced,discriminatory,"那些找黑人的女人, 智商水平, 社会责任感, 价值观, 不配, 哺育正常的后代"
理中客就是极端女权主义者和单方面付出的讨好他人的人扮的,High,critical,informative and biased,negative,"极端, 女权主义者, 单方面, 讨好"
喷吧普遍男性反串带节奏，故意说一些反动的话让更多不知情的男生变成所谓极端男权主义者来无差别攻击全体女性,High,aggressive,accusatory and biased,hostile,"喷吧, 反动, 极端男权主义者, 无差别攻击"
我认为自我感觉过于良好的女性在世界第一极端女权主义国享有犯罪豁免权，二等男人就别叽叽歪歪了。极端女权主义国怎么可能有公平的法律。,High,aggressive,derogatory and biased,critical,"极端, 女权主义, 犯罪豁免权, 二等男人, 叽叽歪歪, 公平"
你们男同性恋要人觉得你们男同性恋是有素质教养，你们男同性恋就应该阻止某个男同性恋让男同性恋们丢脸的事情否则就是同流合污,High,critical,derogatory and judgmental,disapproving,"丢脸, 同流合污"
没有自知之明的女性和极端女权主义者是最让人扫兴的人。,High,derogatory,informative,negative,"没有自知之明, 极端女权主义者, 最让人扫兴"
在非洲孤独寂寞呗，样貌普通的女性,Medium,informal,derisive,negative,"孤独, 寂寞, 普通"
别尬黑，这是极端女权主义者日常化的高级妆,Medium,dismissive,informative and direct,negative,"尬黑, 极端女权主义者"
到时候好看的妹妹一个不剩，剩下的全是体重较重的女性,Medium,informal,subjective and derogatory,discriminatory,"好看的, 全是, 体重较重"
怎么样，人家现在露出令人反感的面目了，你往世卫投钱，整天捐款，现在白打水漂了,Medium,sarcastic,informal and critical,negative,"令人反感, 白打水漂"
只准异性恋没有自知之明，不准同性恋自大——二极管,High,derogatory,colloquial and negative,critical,"只有异性恋, 没有自知之明, 同性恋, 自大"
某些直男最擅长的不就是对待不同事物标准不一致吗??所以现在很多时候我已经懒得讲道理，看见愚昧的人直接骂就好了??,Medium,critical,informal and aggressive,frustration,"直男, 愚昧, 骂"
真要有那个手段和心理素质，也不会成为非处。而且骗的是自己老公，枪往自己人身上打，也挺有意思的??,Medium,sarcastic,informal,mocking,"非处, 骗, 枪往自己人身上打"
找乌克兰的还好理解，找黑人的我真想不到在别人眼里他的下一代和国内女性生的黑人小孩没啥差别吗？????,High,informal,opinionated and questioning,prejudiced,"黑人的,  差别"
可我个人认为黒人智商确实不行啊??,High,informal,opinionated and biased,negative,黒人智商不行
之前的不喜欢黑人的老哥都转抖音了吗？半年没来一个都没了，吧不成气候，组织在哪里，我要加入组织。,High,negative,colloquial,divisive,"不喜欢, 抖音, 没了, 不成气候, 加入组织"
自我感觉过于良好的女性得从小培养,Medium,derogatory,critical,negative,自我感觉过于良好的
崇拜黑人的人们骂我是键盘侠的不就打算让我闭嘴吗？告诉你，老子就是键盘侠，就拿键盘让你感到不适了，怎么着吧，咬我啊,High,aggressive and confrontational,defensive and provocative,hostile,"骂, 键盘侠, 闭嘴, 老子, 感到不适, 咬我"
我个人认为黑人祸害原住民是事实,High,accusatory,discriminatory,hostile,祸害
我都要感到生理上不舒服了真的很会玩,Low,informal,expressive and personal,ironic,不舒服
单方面付出的人给她整自信了,Low,informal,casual,slightly critical,none
讨好黑人的人在增多，单方面付出的人也在增多，国内有些女的快被讨好到天上去了,High,disparaging,colloquial and derogatory,negative,"讨好, 单方面付出, 国内有些女的, 被讨好到天上去了"
一般闲得慌的大概率是不符合我个人审美的的戏精,Medium,informal,critical and derogatory,dismissive,闲得慌戏精
和平精英的网络公主也没这么极端女权主义啊，鸡疯子还是比农批高一等级的,Medium,informal,colloquial and expressive,dismissive,"极端女权主义, 鸡疯子, 农批"
长得不符合我的审美,Low,neutral,informative and neutral,subjective,none
从小这个男同性恋就N待小动物，果然是异于其他大部分人,High,disparaging,discriminatory and judgmental,negative,"男同性恋, N待, 异于"
恐怕从这个黑人从出生到现在都不太注重个人卫生吧！太让我感到不适了！光看到就让我不舒服！这位女性居然不嫌弃，看来是真爱了,High,disparaging,derogatory and informal,biased,"黑人, 不太注重个人卫生, 不适, 不舒服, 不嫌弃"
确实如此 我认为宁要小姐从良，不要讨好外国人的轻浮女性,High,judgmental,informative and critical,disapproving,轻浮
这位女性好让人感到不适？,Medium,negative and judgmental,critical,disapproval,不适
真是搞不懂这种让我反感的女性怎么就那么想和黑人接触，不值得我同情,High,derogatory,informative and biased,negative,反感、不值得、同情
极端女权主义者***,Medium,informal,derogatory,negative,极端
他们找黑人媳妇纯属是觉得不要彩礼还能干，女性是奔着感情去的，不明智的人??,High,discriminatory,informative and biased,negative,"黑人, 不要彩礼, 不明智"
我感到不适的是有些同性恋以为全世界都是同性恋，无底线的试探自己喜欢的同性，超级让我感到不适！,High,disparaging,informal and critical,negative,"不适, 无底线, 超级让我感到不适"
不发表极端性别言论没必要如果是个极端性别主义者使劲喷,Medium,aggressive,colloquial and confrontational,dismissive,"极端性别主义者, 使劲喷"
货拉拉司机无罪判一年，这位行为极端的女性鲨人未遂判四个月,Medium,critical,informative and biased,disapproving,"无罪,行为极端,鲨人"
第一代极端女权主义者是境外势力资助，微博那会被抓的全是男性，真要令我笑死,High,derogatory,accusatory and inflammatory,sarcastic,"极端, 境外势力, 被抓"
什么义字当头，这是违法的，自由恋爱没毛病，别违法就行，违反法律规定的黑人该处理处理，通过合法途径，乃至留学过来和国女结婚都行，别做违反法律规定的外国人,High,formal,informative and critical,negative,"违法, 违反法律规定, 处理, 违反法律规定的黑人, 做违反法律规定的外国人"
建议自我感觉过于良好的女性结婚前，男性一定要把怀胎十月分娩和坐月子的痛苦都体验一遍，这十个月一定要由她们照顾男性，以此作为她们生育时被男性对待的标准。,High,critical,judgmental,disapproving,"痛苦, 过于"
拼生孩子还真拼不过，国男喜欢养孩子，黑人从来不养，怀了就跑路，,High,derogatory,informal and critical,negative,"拼不过, 黑人从来不养, 跑路"
无所谓，吃狗肉无所谓，同性恋无所谓，让我感到不适的是，强迫别人吃狗肉，到处宣传同性恋的人,Medium,informal,informative and slightly confrontational,disapproving,"强迫, 不适"
笑正常符合传统观念的人是猪，散播同性恋美西意识风气，校方不会轻判,High,offensive,derogatory,negative,"猪, 散播同性恋美西意识风气, 不会轻判"
国内有些女性颜值不高，又不肯去做性价比高的整容，奇怪的化妆技术毁皮肤，卸妆前后差异较大。我是佩服成天国内女性推土机为荣的，牙口真好,High,derogatory and sarcastic,informative and critical,negative and judgmental,"颜值不高, 奇怪的化妆技术, 毁皮肤, 差异较大, 成天国内女性推土机为荣"
单亲，带黑人小孩，怎么也会被人说的，被人疏远的。就因为这个黑人小孩，她这辈子是没了，这孩子还要上她的户口，到时候这孩子在中国生活也会很艰难的。,High,derogatory,informal and discriminatory,negative,"单亲, 黑人小孩, 被人说的, 被人疏远的, 这辈子是没了, 艰难"
捅的好，应该**这个女性,High,aggressive,derogatory,hostile,"捅, 应该, 女性"
说的是那些没有自知之明的直男，也不算无差别攻击吧,Medium,informal,colloquial and judgmental,critical,"没有自知之明, 直男"
教课书一样的没有自知之明的女性,High,derogatory,informal and negative,disrespect,没有自知之明
真的，我一大学室友，女生，天天打他男朋友，都打进医院了，我们宿舍都很讨厌她，后来那女的升学了，毅然决然把那男的甩了，让我感到不适,Medium,informal,narrative and personal,negative,"讨厌, 打, 不适, 甩了"
黑人都是让我有些反感的人??,High,offensive,prejudiced and discriminatory,negative,反感
我不喜欢的人口数量，增加世界负担,Medium,critical,informative and neutral,negative,"不喜欢, 负担"
没有自知之明的男性明知道不能送游艇，他们多数人仍会选择在这个周末上网……而不是去好好劳动，真是无药可救无可救药,High,critical,informative and critical,disparaging,"没有自知之明, 无药可救无可救药"
中国男人家暴了那就是因为有些男性把自己的负能量发泄在配偶那??,Medium,accusatory,colloquial and critical,negative,"家暴, 负能量, 发泄"
就算她不拿刀你就能打得过这位让我不太喜欢的体重较重的女性?,Medium,informal,conversational and judgmental,critical,体重较重的
不明智的双标的人而已,Medium,casual,informative and judgmental,negative,"不明智的, 双标"
跑到对反对性少数群体的群里面开盒，真的不太好啊,Medium,informal,critical and disapproving,negative,不太好
体制内的发表极端性别言论的最多了，优越感很多很强的,Medium,critical,informative and opinionated,negative,"极端, 优越感"
我以為極端女權主義者討厭喜歡同性題材的女性，原來這兩種屬性是能兼容的,Medium,informal,neutral and slightly opinionated,curious,"極端, 討厭"
能让这个黑人小孩付出代价吗,High,informal,derogatory and offensive,aggressive,"黑人, 付出代价"
像郑若璘和潘庆林和吴宗宪等等等一大批非常多民族豪杰都在反外国人及其它们后代混血儿这些后来进入社会的外来者可是这些人在崇洋族眼里基本上都是键盘侠,High,dismissive,critical and antagonistic,negative,"反外国人, 后代混血儿, 键盘侠"
自我感觉过于良好的女性上辈子这么过来的,Medium,sarcastic,criticizing and informal,negative,过于良好
关键是那么丑那么穷的黑人，某些人还卑微地讨好倒贴，这就是人的问题了，我们男的又不是不明智的人！,High,derogatory,aggressive and informal,disparaging,"丑, 穷, 卑微, 讨好, 倒贴"
真是外国的混血儿和它们祖先外国人真是天生一致直把他乡做故土的依赖他人的人还大言不惭说它是我过人从这片土地的记忆里就从来没有让我感到不喜欢的外国人及其它们后代混血儿。,High,hostile,contemptuous and derogatory,disdainful,"混血儿, 外国, 依赖, 大言不惭, 他乡"
黑种人混血儿越来越多,Medium,informative,neutral,observational,none
这种不明智发言一度让我怀疑是友军反串,Low,neutral,informative,skeptical,不明智
喝舍得酒，做没有自知之明的男性，没毛病,Medium,sarcastic,informal and slang,judgmental,"没有自知之明, 没毛病"
我也是。我及其不喜欢黑人。个人认为与其为伍就是自甘堕落????,High,critical and negative,derogatory,prejudiced and dismissive,"不喜欢, 堕落"
很好!出于虚伪的人性道德?迫于无奈的理论漏洞?才有你们的今天?如果不管什么道德?你今天的午饭就是在猪槽里吃了,High,aggressive,derisive and accusatory,negative and critical,"虚伪, 道德漏洞, 猪槽"
在反同群不反对同性恋，你自己也说过你是双性恋了，所以要踢人出群找你很合理。,Medium,critical,conversational,accusatory,踢人出群
建议国内男性别在某些自我感觉过于良好的女性朋友圈里出现,Medium,advisory,informative and direct,dismissive,某些 自我感觉过于良好的
才不对亢让t们团结鼓励让t们风况捏参考韩国,Low,neutral,informative,encouragement,none
连这个是转发贴都看不出来只要有人骂他他就说人家是男同性恋嘞,High,accusatory,colloquial and derogatory,negative,"骂, 男同性恋"
如何评价这个男同性恋,Low,inquisitive,informative,neutral,none
这片让我感到不适的是结尾给女主洗白了，因为小时候被老妈情人侵犯，跑路致残，渴望爱情，所以才诬陷男主，,Medium,critical,emotive and judgmental,disapproving,"不适, 侵犯, 跑路致残, 诬陷"
不要当单方面付出的人不要当单方面付出的人，把女人当男人一样对待，男女平等，约她来就来，不来就赶紧再约下一个，什么胡说的持之以恒的追求，那是死缠烂打，让我反感的女性最讨厌死缠烂打了。,High,aggressive,dismissive and disrespectful,negative,"死缠烂打, 反感, 讨厌"
需要令我反感的女性引流捏,Medium,informal,disparaging,negative,反感
什么懦弱的男性，能不能消失？,High,aggressive,informative and derogatory,hostile,"懦弱, 消失"
你难道不是？凭什么你的身边就是身边，我的身边就是假的？你怎么证明那些跟黑人交往的女生是我们985的？,High,confrontational,judgmental and accusatory,discriminatory,"假的, 黑人"
B站极端女权主义者，说着说着自己玻璃心把我拉黑了,Medium,informal,derogatory and critical,disparaging,"极端, 玻璃心, 拉黑"
国内女性都有这样光明的未来,Low,optimistic,positive and affirmative,hopeful,none
帅什么，你这是什么审美，或者你也是黑人？,High,sarcastic,informal and rude,derogatory,黑人
她们赶紧去非洲挺好的，她们的状况关我什么事，别留在国内让有些中国人感到不舒服。另外，友情提示，婚检发现艾滋，医院有明确要求不允许告诉患者的伴侣和亲属，别问为啥，问就是保护艾滋病人，也不知道保护了他们，正常的普通人是得罪谁了,High,contemptuous and dismissive,informative and derogatory,hostile,"赶紧去非洲, 别留在国内, 感到不舒服, 艾滋, 不允许告诉, 也不知道保护了他们, 正常的普通人是得罪谁了"
同婚不能减少骗婚，男同性恋骗婚是因为想要繁衍后代，占两种便宜而已，不是来自社会压力，禁止同性恋繁衍后代就可以消灭骗婚。,High,judgmental,biased and discriminatory,disapproving,"骗婚, 占便宜, 禁止, 消灭"
一口一个普信男，你是微博里的没有自知之明的女性还是行为不检点的人,High,aggressive,derogatory,negative,"普信男, 没有自知之明, 行为不检点"
最好不要瞎说，B站的狂热信徒是最狠的，搞不好我们吧又被炸了的。,Medium,provocative,colloquial and informal,cautionary,"瞎说, 狂热信徒, 最狠, 炸了"
让我反感的这位女性的这种不像智人发言的极品不明智言论，每次都让我怀疑这是友军??，然而现实就是一次又一次地打我的脸?,High,derogatory,informative and emotional,hostile,"反感, 不像智人发言, 极品, 不明智, 打我的脸"
搞清因果关系，主要问题还是在让我反感的女性这边，打破她们的外包装现出原形就好了，比如把取悦他人的女神头发P光光，衣服换成男装，口红脂粉全擦掉，再看她们如何卖钱,High,derogatory,aggressive and critical,disdainful,"反感, 打破, 取悦他人, 男装, 擦掉, 卖钱"
这位让我反感的女性好不容易才找到的,Medium,informal,subjective,negative,反感
说的这么新奇，好了，我宣布，极端女权主义者有对性态度开放的自由,Medium,sarcastic,informative and argumentative,controversial,"极端, 女权主义者"
有些自我感觉良好的肥胖女性都是这样的，吃不到性别福利只能走这条路,High,derogatory,offensive,disrespectful,"肥胖, 性别福利"
不专拉外国人皮条的性工作者，人家都不感接黑人的客,High,derogatory,discriminatory and offensive,negative,"皮条, 性工作者, 黑人的客"
同性恋应该选中立至少不会出来让人感到不舒服，同性恋者选中立做深柜才有可能做出改变,High,judgmental,condescending and prescriptive,disapproving,"不舒服, 深柜"
外表可以。黑人真是不符合我个人的审美,High,informal,disrespectful and biased,negative,"黑人, 不符合"
自嗨型男同性恋，嗨出优越，嗨出高潮,High,derogatory,informal and offensive,hostile,"自嗨, 优越, 高潮"
我不喜欢的国内女性付出代价就完事,High,hostile,derogatory and dismissive,negative,"不喜欢, 付出代价"
直接举报这个黑人，,High,imperative,colloquial,hostile,黑人
大风起兮云飞扬，安得猛士兮守四方，黑人，个人认为任何时候都要受到一定惩罚，不惩罚不行,High,discriminative and aggressive,disparaging and accusatory,hostile,"黑人, 惩罚, 不行"
男同性恋让我觉得不舒服不接受反驳,High,assertive,conversational,hostile,"不舒服, 不接受反驳"
我怀疑你在侮辱性工作者，即使性工作者接了还挣钱的呢，她们白给甚至倒贴??,High,accusatory,derogatory,disrespectful,"侮辱, 白给, 倒贴"
还有好多是玩的。把人弄怀孕了，就不负责地跑路。这种就叫“华人失败者”,High,accusatory,informal and emotional,critical,"搞怀孕, 不负责, 跑路, 失败者"
我个人对于黑人就是有一种无差别的讨厌。。。,High,informal,opinionated and disrespectful,negative,讨厌
极端女权主义者的不明智真是编故事都漏洞百出啊。首先原来黄精灵体力弱不是事情是编造出来的，建议去奥运会证明自己呦。其次黄精灵真的希望每个人都摘50个果子吗？矿场，工地里一大堆果子怎么没见到你们极端女权主义者去摘呢,High,sarcastic,informal and confrontational,hostile,"极端,不明智,编造,漏洞百出"
太可怕了，永远对黑人有些负面情绪???,High,negative,informative and emotional,racist,"太可怕, 负面情绪"
看前面那么多印度人我本来以为这个是个ntr的故事【没有看过原著仅看了图片,Medium,informal,subjective and derogatory,prejudiced,"印度人, ntr"
这都不是真极端女权主义者，真极端女权主义者因为谷爱凌挑战国内女性白瘦幼审美观都批评她呢,Medium,informal,critical,negative,"极端, 批评"
她们不是单纯，是真的不明智,Medium,judgmental,informative and critical,negative,不明智
爆菊太可怕了，我认为这真是不正常啊??,Medium,informal,emotional and critical,negative,"爆菊, 不正常"
个人认为结了婚的同性恋者在当今社会不背叛感情的比较少,Medium,opinionated,informative but biased,judgmental,背叛感情
我已经累了，也懒得讲道理了，爱咋咋地吧，轻浮女性和黑人关我什么事啊，总有一天中国要整出个右翼分子,High,informal,derogatory and dismissive,frustration,"轻浮, 黑人, 右翼分子"
行为恶劣的人，还不快快展现真实面貌！~,Medium,confrontational,critical and accusatory,negative,行为恶劣
啊哈哈哈，没有自知之明的自信男性破防了??，当真是喜闻乐见??,Medium,sarcastic,informal and mocking,negative,"没有自知之明, 破防, 喜闻乐见"
神经病，连谁删你都不知的不明智的人还来装，笔,High,aggressive,informative and critical,negative,"神经病, 不明智"
debuff叠满了，本人西安上学维吾尔族极左没有自知之明的男性粉红爱国人??,Medium,informal,derogatory,negative,"极左, 没有自知之明, 粉红"
理智的gay可能对直男有负面情绪，因为三观大概率是不合的??,Medium,informal,subjective and opinionated,negative,负面情绪
极端女权主义者就属于，每天给它一块钱福利，现在感觉少,High,derogatory,colloquial and critical,disdainful,"极端, 感觉少"
这个群怎么搞群主啊，要不从新创个贴吧。那些什么奴隶啊，我让这些人付出代价后就踢了就行，把原帖吧的东西保存一下就行,Medium,confrontational,casual and aggressive,angry,"奴隶, 付出代价, 踢"
所以你认为我所说的那些喜欢男同性恋题材的女性太偏激了是在乱讲,Medium,neutral,subjective and defensive,defensive,"偏激, 乱讲"
别，黑人的后代我个人不是很喜欢,High,informal,casual and discriminatory,negative,黑人的后代
男人只会和极端男权主义者战斗，好男不和女斗。,Medium,informal,derogatory and biased,gender bias,"战斗, 极端, 好男不和女斗"
反正我每次叫它都是华东**大学,Low,informal,casual,dismissive,none
就好比自我感觉过于良好的女性总觉得自己应该被讨好、自信的女性最美丽，自信的男人就是没有自知之明的男性。总觉得卑微讨好她的男性如果不要自己就再也找不到更好的,High,critical,judgmental,disapproving,"自我感觉过于良好, 没有自知之明, 卑微讨好"
第二張圖無感，第一張圖真不明智，另外男足真是不爭氣,Medium,informal,critical,disapproving,"無感, 不明智, 不爭氣"
咱就是南方人后代,Low,casual,informative,neutral,none
大批直男被我不喜欢的男同性恋勾引建议立即让他们付出一定代价！,High,hostile,aggressive and discriminatory,hate speech,"勾引, 不喜欢, 代价"
不一定只有男同性恋让我个人感到不舒服。有的阴阳人也挺让我不喜欢的??,High,judgmental,informal,discriminatory,"男同性恋, 阴阳人, 不舒服, 不喜欢"
印度人不比黑人更注重个人卫生吗？？,High,offensive,derogatory and comparative,discriminatory,"不比, 黑人"
夫妻吵架，妻子拿砍刀挥向老公，让人反感的女性放话:不过是砍一刀，谁家夫妻不吵架？,High,aggressive,confrontational and provocative,violence,"砍刀, 挥向, 反感"
这人被俺整急了,Medium,informal,colloquial and provocative,aggressive,整
极端女权主义者疯狂成这个样子她们要攻击谁？或许仅仅看着她们每天把自己变得绝望的样子，就很美妙呢,High,derogatory,informative,critical,"极端, 疯狂, 攻击, 绝望"
现实里极端女权主义者没网上猖狂可以了,Medium,informal,critical,negative,猖狂
失败者：黑人同性恋者，同意的顶。颠覆国人的三观，棒失败者当宝贝。,High,derogatory,offensive and dismissive,negative,"失败者, 黑人, 同性恋者, 颠覆, 棒失败者当宝贝"
我个人觉得黑种人不符合我的审美,High,subjective,discriminatory,prejudice,不符合
某些极端女权主义者挑拨夫妻关系，婆媳关系，甚至挑拨女儿与父母的关系，以拆散家庭为目的，纯属一群行为异常的人,High,accusatory,informative and derogatory,negative,"极端, 挑拨, 拆散, 行为异常"
这些女人真让我感到有些不适，,Medium,negative,informative and negative,discomfort or annoyance,不适
新群，一起与极端的自我感觉过于良好的女性争论啊,Medium,informal,conversational and confrontational,critical,"极端, 自我感觉过于良好, 争论"
她们才是没有自知之明的女性,Medium,critical,informative,negative,没有自知之明
推特上性感的女性和喜欢暴露身体的女性我个人认为不是好女性,Medium,judgmental,derogatory,negative,"性感, 暴露, 不是好女性"
那我在网上遇到十个广西人九个不明智怎么说??,High,informal,disparaging,derogatory,不明智
